:020000040800F2
:10000000005000209D360008793300088133000835
:10001000893300089133000899330008000000007C
:1000200000000000000000000000000041AC0008DB
:10003000A13300080000000021AE000869AE0008EE
:10004000E5360008E5360008E5360008E536000824
:10005000E5360008E5360008E5360008E536000814
:10006000E5360008E5360008E5360008E536000804
:10007000E5360008E5360008E5360008E5360008F4
:10008000E5360008E5360008E5360008E5360008E4
:10009000E5360008E5360008E5360008E5360008D4
:1000A000E5360008E5360008E5360008E5360008C4
:1000B000E5360008AD330008E5360008E5360008EF
:1000C000E5360008E5360008E5360008E5360008A4
:1000D000E5360008E5360008E5360008E536000894
:1000E000E5360008E5360008E536000800000000A7
:1000F0000000000000000000000000000000000000
:0C01000000000000000000005FF808F1A3
:1001100010B5054C237833B9044B13B10448AFF341
:1001200000800123237010BD200200200000000089
:100130009CE5000808B5034B1BB103490348AFF326
:10014000008008BD00000000240200209CE500089B
:10015000034613F8012B002AFBD1181A0138704707
:1001600081F0004102E000BF83F0004330B54FEA68
:1001700041044FEA430594EA050F08BF90EA020FD5
:100180001FBF54EA000C55EA020C7FEA645C7FEA68
:10019000655C00F0E2804FEA5454D4EB5555B8BF8B
:1001A0006D420CDD2C4480EA020281EA030382EAFC
:1001B000000083EA010180EA020281EA0303362D8E
:1001C00088BF30BD11F0004F4FEA01314FF4801C61
:1001D0004CEA113102D0404261EB410113F0004F73
:1001E0004FEA03334CEA133302D0524263EB43032A
:1001F00094EA050F00F0A780A4F10104D5F1200EC8
:100200000DDB02FA0EFC22FA05F2801841F1000122
:1002100003FA0EF2801843FA05F359410EE0A5F1F6
:1002200020050EF1200E012A03FA0EFC28BF4CF027
:10023000020C43FA05F3C01851EBE37101F00045DD
:1002400007D54FF0000EDCF1000C7EEB00006EEBEA
:100250000101B1F5801F1BD3B1F5001F0CD3490874
:100260005FEA30004FEA3C0C04F101044FEA4452CB
:1002700012F5800F80F09A80BCF1004F08BF5FEA52
:10028000500C50F1000041EB045141EA050130BD32
:100290005FEA4C0C404141EB0101013C28BFB1F544
:1002A000801FE9D291F0000F04BF01460020B1FA8F
:1002B00081F308BF2033A3F10B03B3F120020CDA62
:1002C0000C3208DD02F1140CC2F10C0201FA0CF040
:1002D00021FA02F10CE002F11402D8BFC2F1200CA5
:1002E00001FA02F120FA0CFCDCBF41EA0C0190405B
:1002F000E41AA2BF01EB0451294330BD6FEA0404A4
:100300001F3C1CDA0C340EDC04F11404C4F120028E
:1003100020FA04F001FA02F340EA030021FA04F3A0
:1003200045EA030130BDC4F10C04C4F1200220FAF7
:1003300002F001FA04F340EA0300294630BD21FA35
:1003400004F0294630BD94F0000F83F4801306BFFB
:1003500081F480110134013D4EE77FEA645C18BFEF
:100360007FEA655C29D094EA050F08BF90EA020F86
:1003700005D054EA000C04BF1946104630BD91EA7E
:10038000030F1EBF0021002030BD5FEA545C05D181
:100390004000494128BF41F0004130BD14F58004C0
:1003A0003CBF01F5801130BD01F0004545F0FE4134
:1003B00041F470014FF0000030BD7FEA645C1ABF69
:1003C000194610467FEA655C1CBF0B46024650EAA0
:1003D000013406BF52EA033591EA030F41F40021CC
:1003E00030BD00BF90F0000F04BF0021704730B552
:1003F0004FF4806404F132044FF000054FF0000127
:1004000050E700BF90F0000F04BF0021704730B5E7
:100410004FF4806404F1320410F0004548BF4042BC
:100420004FF000013EE700BF42004FEAE2014FEA11
:1004300031014FEA02701FBF12F07F4393F07F4FEC
:1004400081F06051704732F07F4208BF704793F0EF
:100450007F4F04BF41F40021704730B54FF4607402
:1004600001F0004521F000411CE700BF50EA010205
:1004700008BF704730B54FF000050AE050EA0102AE
:1004800008BF704730B511F0004502D5404261EB1E
:1004900041014FF4806404F132045FEA915C3FF45F
:1004A000D8AE4FF003025FEADC0C18BF03325FEAFC
:1004B000DC0C18BF033202EBDC02C2F1200300FAAD
:1004C00003FC20FA02F001FA03FE40EA0E0021FAD2
:1004D00002F11444BDE600BF70B54FF0FF0C4CF4C0
:1004E000E06C1CEA11541DBF1CEA135594EA0C0F72
:1004F00095EA0C0F00F0DEF82C4481EA030621EAAD
:100500004C5123EA4C5350EA013518BF52EA0335E7
:1005100041F4801143F4801338D0A0FB02CE4FF099
:100520000005E1FB02E506F00042E0FB03E54FF0C9
:100530000006E1FB03569CF0000F18BF4EF0010EC1
:10054000A4F1FF04B6F5007F64F5407404D25FEABD
:100550004E0E6D4146EB060642EAC62141EA555170
:100560004FEAC52040EA5E504FEACE2EB4F1FD0CB2
:1005700088BFBCF5E06F1ED8BEF1004F08BF5FEA30
:10058000500E50F1000041EB045170BD06F00046E2
:1005900046EA010140EA020081EA0301B4EB5C048F
:1005A000C2BFD4EB0C0541EA045170BD41F4801187
:1005B0004FF0000E013C00F3AB8014F1360FDEBFAC
:1005C000002001F0004170BDC4F10004203C35DA88
:1005D0000C341BDC04F11404C4F1200500FA05F30B
:1005E00020FA04F001FA05F240EA020001F00042AC
:1005F00021F0004110EBD37021FA04F642EB060122
:100600005EEA430E08BF20EAD37070BDC4F10C044B
:10061000C4F1200500FA04F320FA05F001FA04F20F
:1006200040EA020001F0004110EBD37041F10001FB
:100630005EEA430E08BF20EAD37070BDC4F1200506
:1006400000FA05F24EEA020E20FA04F301FA05F26E
:1006500043EA020321FA04F001F0004121FA04F216
:1006600020EA020000EBD3705EEA430E08BF20EAE6
:10067000D37070BD94F0000F0FD101F00046400020
:1006800041EB010111F4801F08BF013CF7D041EAA2
:10069000060195F0000F18BF704703F000465200A6
:1006A00043EB030313F4801F08BF013DF7D043EA77
:1006B0000603704794EA0C0F0CEA135518BF95EA2D
:1006C0000C0F0CD050EA410618BF52EA4306D1D1B4
:1006D00081EA030101F000414FF0000070BD50EAD3
:1006E000410606BF1046194652EA430619D094EA5D
:1006F0000C0F02D150EA013613D195EA0C0F05D147
:1007000052EA03361CBF104619460AD181EA03019A
:1007100001F0004141F0FE4141F470014FF0000052
:1007200070BD41F0FE4141F4780170BD70B54FF0ED
:10073000FF0C4CF4E06C1CEA11541DBF1CEA13556D
:1007400094EA0C0F95EA0C0F00F0A7F8A4EB05044F
:1007500081EA030E52EA03354FEA013100F0888046
:100760004FEA03334FF0805545EA131343EA12630F
:100770004FEA022245EA111545EA10654FEA0026C4
:100780000EF000419D4208BF964244F1FD0404F57D
:10079000407402D25B084FEA3202B61A65EB0305D9
:1007A0005B084FEA32024FF480104FF4002CB6EB96
:1007B000020E75EB030E22BFB61A754640EA0C0016
:1007C0005B084FEA3202B6EB020E75EB030E22BF56
:1007D000B61A754640EA5C005B084FEA3202B6EB97
:1007E000020E75EB030E22BFB61A754640EA9C0056
:1007F0005B084FEA3202B6EB020E75EB030E22BF26
:10080000B61A754640EADC0055EA060E18D04FEAE3
:10081000051545EA16754FEA06164FEAC30343EA83
:1008200052734FEAC2025FEA1C1CC0D111F4801F50
:100830000BD141EA00014FF000004FF0004CB6E749
:1008400011F4801F04BF01430020B4F1FD0C88BFE8
:10085000BCF5E06F3FF6AFAEB5EB030C04BFB6EBF3
:10086000020C5FEA500C50F1000041EB045170BDE6
:100870000EF0004E4EEA113114EB5C04C2BFD4EB13
:100880000C0541EA045170BD41F480114FF0000E97
:10089000013C90E645EA060E8DE60CEA135594EA13
:1008A0000C0F08BF95EA0C0F3FF43BAF94EA0C0F16
:1008B0000AD150EA01347FF434AF95EA0C0F7FF48B
:1008C00025AF104619462CE795EA0C0F06D152EADF
:1008D00003353FF4FDAE1046194622E750EA4106C3
:1008E00018BF52EA43067FF4C5AE50EA41047FF4D4
:1008F0000DAF52EA43057FF4EBAE12E74FF0FF3C39
:1009000006E000BF4FF0010C02E000BF4FF0010C09
:100910004DF804CD4FEA410C7FEA6C5C4FEA430C82
:1009200018BF7FEA6C5C1BD001B050EA410C0CBFD1
:1009300052EA430C91EA030F02BF90EA020F002033
:10094000704710F1000F91EA030F58BF994208BF9A
:1009500090422CBFD8176FEAE37040F00100704757
:100960004FEA410C7FEA6C5C02D150EA013C07D1AE
:100970004FEA430C7FEA6C5CD6D152EA033CD3D0F9
:100980005DF8040B704700BF8446104662468C46F3
:100990001946634600E000BF01B5FFF7B7FF002826
:1009A00048BF10F1000F01BD4DF808EDFFF7F4FF4F
:1009B0000CBF012000205DF808FB00BF4DF808EDDA
:1009C000FFF7EAFF34BF012000205DF808FB00BFFD
:1009D0004DF808EDFFF7E0FF94BF012000205DF81F
:1009E00008FB00BF4DF808EDFFF7CEFF94BF0120D4
:1009F00000205DF808FB00BF4DF808EDFFF7C4FFCD
:100A000034BF012000205DF808FB00BF4FEA410C15
:100A10007FEA6C5C02D150EA013C0AD14FEA430CF8
:100A20007FEA6C5C02D152EA033C02D14FF0000035
:100A300070474FF0010070474FEA410212F5001273
:100A400015D211D56FF47873B3EB625212D94FEA15
:100A5000C12343F0004343EA505311F0004F23FAFF
:100A600002F018BF404270474FF00000704750EA54
:100A7000013005D111F0004008BF6FF00040704711
:100A80004FF00000704700BF4FEA4102B2F1E0436F
:100A900024BFB3F5001CDCF1FE5C0DD901F0004C65
:100AA0004FEAC0024CEA5070B2F1004F40EB8300B5
:100AB00008BF20F00100704711F0804F21D113F1E1
:100AC0003872BCBF01F00040704741F480114FEA1A
:100AD0005252C2F11802C2F1200C10FA0CF320FAA3
:100AE00002F018BF40F001004FEAC1234FEAD323C0
:100AF00003FA0CFC40EA0C0023FA02F34FEA43032A
:100B0000CCE77FEA625307D150EA01331EBF4FF0B2
:100B1000FE4040F44000704701F0004040F0FE40CD
:100B200040F40000704700BF80F0004002E000BFCA
:100B300081F0004142001FBF5FEA410392EA030FC8
:100B40007FEA226C7FEA236C6AD04FEA1262D2EB12
:100B50001363C1BFD218414048404140B8BF5B4217
:100B6000192B88BF704710F0004F40F4000020F0B0
:100B70007F4018BF404211F0004F41F4000121F0C6
:100B80007F4118BF494292EA030F3FD0A2F1010210
:100B900041FA03FC10EB0C00C3F1200301FA03F14E
:100BA00000F0004302D5494260EB4000B0F5000F71
:100BB00013D3B0F1807F06D340084FEA310102F130
:100BC0000102FE2A51D2B1F1004F40EBC25008BFE2
:100BD00020F0010040EA03007047490040EB0000AC
:100BE000013A28BFB0F5000FEDD2B0FA80FCACF1AD
:100BF000080CB2EB0C0200FA0CF0AABF00EBC250DA
:100C000052421843BCBFD0401843704792F0000FC7
:100C100081F4000106BF80F400000132013BB5E71A
:100C20004FEA41037FEA226C18BF7FEA236C21D090
:100C300092EA030F04D092F0000F08BF08467047F5
:100C400090EA010F1CBF0020704712F07F4F04D1C3
:100C5000400028BF40F00040704712F100723CBFD6
:100C600000F50000704700F0004343F0FE4040F400
:100C7000000070477FEA226216BF08467FEA2363BE
:100C80000146420206BF5FEA412390EA010F40F4A9
:100C9000800070474FF0000304E000BF10F00043F5
:100CA00048BF40425FEA000C08BF704743F09643DC
:100CB00001464FF000001CE050EA010208BF7047F7
:100CC0004FF000030AE000BF50EA010208BF70477E
:100CD00011F0004302D5404261EB41015FEA010C93
:100CE00002BF84460146002043F0B64308BFA3F18B
:100CF0008053A3F50003BCFA8CF2083AA3EBC2536D
:100D000010DB01FA02FC634400FA02FCC2F120028B
:100D1000BCF1004F20FA02F243EB020008BF20F0C2
:100D20000100704702F1200201FA02FCC2F1200228
:100D300050EA4C0021FA02F243EB020008BF20EA1D
:100D4000DC7070474FF0FF0C1CEAD0521EBF1CEA4B
:100D5000D15392EA0C0F93EA0C0F6FD01A4480EA39
:100D6000010C400218BF5FEA41211ED04FF0006322
:100D700043EA501043EA5111A0FB01310CF000404E
:100D8000B1F5000F3EBF490041EAD3715B0040EA74
:100D9000010062F17F02FD2A1DD8B3F1004F40EB44
:100DA000C25008BF20F00100704790F0000F0CF017
:100DB000004C08BF49024CEA502040EA51207F3ADB
:100DC000C2BFD2F1FF0340EAC250704740F40000B6
:100DD0004FF00003013A5DDC12F1190FDCBF00F0A7
:100DE00000407047C2F10002410021FA02F1C2F155
:100DF000200200FA02FC5FEA310040F1000053EAF1
:100E00004C0308BF20EADC70704792F0000F00F03E
:100E1000004C02BF400010F4000F013AF9D040EA44
:100E20000C0093F0000F01F0004C02BF490011F4D8
:100E3000000F013BF9D041EA0C018FE70CEAD153D6
:100E400092EA0C0F18BF93EA0C0F0AD030F0004C56
:100E500018BF31F0004CD8D180EA010000F000400A
:100E6000704790F0000F17BF90F0004F084691F0C8
:100E7000000F91F0004F14D092EA0C0F01D1420202
:100E80000FD193EA0C0F03D14B0218BF084608D1CB
:100E900080EA010000F0004040F0FE4040F4000015
:100EA000704740F0FE4040F4400070474FF0FF0CA8
:100EB0001CEAD0521EBF1CEAD15392EA0C0F93EAEF
:100EC0000C0F69D0A2EB030280EA010C49024FEA41
:100ED000402037D04FF0805343EA111143EA1013FA
:100EE0000CF000408B4238BF5B0042F17D024FF4B2
:100EF000000C8B4224BF5B1A40EA0C00B3EB510F8D
:100F000024BFA3EB510340EA5C00B3EB910F24BF75
:100F1000A3EB910340EA9C00B3EBD10F24BFA3EBFA
:100F2000D10340EADC001B0118BF5FEA1C1CE0D1C2
:100F3000FD2A3FF650AF8B4240EBC25008BF20F075
:100F4000010070470CF0004C4CEA50207F32C2BFC9
:100F5000D2F1FF0340EAC250704740F400004FF066
:100F60000003013A37E792F0000F00F0004C02BF97
:100F7000400010F4000F013AF9D040EA0C0093F061
:100F8000000F01F0004C02BF490011F4000F013BBB
:100F9000F9D041EA0C0195E70CEAD15392EA0C0F23
:100FA00008D142027FF47DAF93EA0C0F7FF470AF5B
:100FB000084676E793EA0C0F04D14B023FF44CAF9E
:100FC00008466EE730F0004C18BF31F0004CCAD133
:100FD00030F000427FF45CAF31F000437FF43CAF6F
:100FE0005FE700BF4FEA4002B2F1FE4F0FD34FF070
:100FF0009E03B3EB12620DD94FEA002343F0004386
:1010000010F0004F23FA02F018BF404270474FF033
:101010000000704712F1610F01D1420205D110F0BA
:10102000004008BF6FF0004070474FF0000070476D
:1010300080B483B000AF244B1B68234A43F0040301
:101040001360224B1B68214A23F0F00313601F4BEF
:101050001E4A1B6813601E4B1B681D4A43F4602325
:101060001360194B1B68184A43F400731360194B43
:101070001B68184A43F018031360174B164A1B6885
:101080001360164B1B68154A43F001031360104BA5
:101090001B680F4A43F00103136000237B6002E0EA
:1010A0007B6801337B607B6842F20F729342F7DD0D
:1010B000074B1B68064A43F00103136000BF0C375F
:1010C000BD4680BC704700BF1810024000080140B8
:1010D00008240140102401402C2401403424014004
:1010E00080B400AF0C4B1B680B4A43F00103136044
:1010F000094B1B68084A43F48003136000BF074B89
:101100001B6803F00203002BF9D0054B1B689BB250
:101110001846BD4680BC70470824014000240140A9
:101120004C24014000000000B0B584B000AFFFF7D0
:10113000D7FF0346FB81FB891846FFF763F93CA301
:10114000D3E90023FFF7C8F902460B4610461946BB
:10115000FFF79AFC034640491846FFF7A7FE0346EF
:10116000BB60B868FFF760F902460B4630A1D1E9D1
:101170000001FEF7F9FF02460B46104619462EA362
:10118000D3E90023FFF7A8F902460B4614461D4693
:10119000B868FFF749F902460B4620462946FFF793
:1011A000C5FA02460B4610461946FFF76DFC03468A
:1011B0007B602A497868FFF779FE03461846FFF7F7
:1011C00033F902460B46104619460CF0FBFF1CA3F0
:1011D000D3E90023FFF7AAFA02460B461046194648
:1011E00019A3D3E90023FEF7C1FF02460B464FF0D7
:1011F00000001B49FFF79AFA02460B4610461946B3
:10120000FFF742FC03463B603868FFF70DF910A377
:10121000D3E90023FEF7A8FF02460B461046194605
:10122000FFF732FC034618461037BD46B0BD00BF7D
:101230006666666666660A40000000000088C34075
:10124000000000000068AA4083DBB5DCE1796B3F59
:10125000666666666612714000F07F4500401C4677
:101260000000F03F80B500AF00224FF480510448E9
:1012700002F0F4FC012002F069FA00BF80BD00BF5B
:10128000000C014080B500AF01224FF480510448AA
:1012900002F0E4FC012002F059FA00BF80BD00BF5B
:1012A000000C014080B582B000AF0346FB7100BF67
:1012B000084B1B689B6803F00203022BF8D1F91D51
:1012C00064230122034803F091F900BF0837BD46AB
:1012D00080BD00BF5025002080B582B000AF78608F
:1012E0000B467B8000BF084B1B689B6803F0020322
:1012F000022BF8D17A8864237968034803F076F9E1
:1013000000BF0837BD4680BD5025002080B584B0A1
:1013100002AFFF23FB7100BF094B1B689B6803F002
:101320000203022BF8D1BA1DF91D64230093012397
:10133000034803F09FFABB7918460837BD4680BDC5
:101340005025002080B582B000AF7860FFF7DEFF47
:1013500003461A467B681A7000BF0837BD4680BD39
:1013600080B582B000AF0A4B4FF4FA721A80FFF7D3
:10137000CDFF0346FB71FB79FF2B03D0044B1B8889
:10138000002BF4D1FB7918460837BD4680BD00BF5D
:101390003E02002080B584B000AF41F6FF73FB60D1
:1013A000FFF770FF0023BB6005E0FF20FFF77AFF27
:1013B000BB680133BB60BB68092BF6DDFFF752FF4A
:1013C00040233B7000237B700023BB700023FB7025
:1013D00000233B7195237B713B4606211846FFF79E
:1013E0007BFF02E0FB68013BFB60FFF78FFF0346DA
:1013F000012B02D0FB68002BF4D1FFF743FFFF2045
:10140000FFF750FF034B01221A7000BF1037BD4693
:1014100080BD00BF4102002080B400AF034B00221A
:101420001A7000BFBD4680BC704700BF410200205B
:1014300080B400AF024B1B781846BD4680BC704795
:101440004102002080B584B000AF78603960134B52
:10145000C8221A80FFF75AFF0346FB73FB7BFF2B62
:1014600003D10E4B1B88002BF4D1FB7BFE2B01D04C
:1014700000230FE07B685A1C7A601846FFF762FF72
:101480003B685A1E3A60002BF4D1FFF73FFFFFF78D
:101490003DFF012318461037BD4680BD3C020020A9
:1014A00080B584B000AF78600B46FB700023BB733F
:1014B000FFF756FF0346FF2B01D000232FE0FB78F8
:1014C0001846FFF7EFFEFB78FD2B20D04FF400719C
:1014D0007868FFF701FFFFF719FFFFF717FF0BE031
:1014E000FFF714FF0346FB73FB7B03F01F03052B81
:1014F00006D0BB7B0133BB73BB7B402BF0D900E034
:1015000000BF00BFFFF702FF0346002BFAD0FB7BB2
:1015100003F01F03052B01D1012300E0002318462F
:101520001037BD4680BD80B584B000AF034639603A
:10153000FB71FFF715FF0346FF2B01D0FF2342E0AD
:10154000FB791846FFF7AEFE3B681B0EDBB2184670
:10155000FFF7A8FE3B681B0CDBB21846FFF7A2FEA4
:101560003B681B0ADBB21846FFF79CFE3B68DBB208
:101570001846FFF797FEFB79402B02D19523FB73AA
:1015800007E0FB79482B02D18723FB7301E001239D
:10159000FB73FB7B1846FFF785FEFB794C2B01D1D3
:1015A000FFF7B4FE0A23BB73FFF7B0FE03467B735D
:1015B00097F90D30002B05DABB7B013BBB73BB7B7E
:1015C000002BF1D17B7B18461037BD4680BD000053
:1015D00090B585B000AF0346FB71FB79002B01D0BD
:1015E0000123D1E06A4B1B78DBB203F00203002B2E
:1015F00003D0674B1B78DBB2C6E0FFF7CBFEFFF7EB
:1016000031FE0023BB7300214020FFF78CFF03460F
:10161000012B40F0A1805F4B4FF47A721A804FF497
:10162000D5714820FFF77FFF0346012B55D10023DA
:10163000FB730CE0FC7BFFF769FE03461A4604F1DE
:1016400010033B4403F8082CFB7B0133FB73FB7B4B
:10165000032BEFD9BB7A012B7ED1FB7AAA2B7BD14E
:1016600000217720FFF75FFF0346012B07D84FF0DB
:1016700080416920FFF757FF0346002B04D0454BFC
:101680001B88002BECD100E000BF424B1B88002BD5
:1016900062D000217A20FFF746FF0346002B5BD182
:1016A0000023FB730CE0FC7BFFF730FE03461A4679
:1016B00004F110033B4403F8082CFB7B0133FB735C
:1016C000FB7B032BEFD93B7A03F04003002B01D0C7
:1016D0000C2300E00423BB733EE000217720FFF7DA
:1016E00022FF0346012B08D800216920FFF71BFFCA
:1016F0000346012B01D8022300E00123BB73BB7B0F
:10170000022B0ED100217720FFF70DFF0346012B9E
:101710000ED800216920FFF706FF0346002B07D1F2
:101720000CE000214120FFF7FEFE0346002B04D011
:10173000184B1B88002BE2D100E000BF154B1B8823
:10174000002B07D04FF400715020FFF7ECFE03464A
:10175000002B01D00023BB730F4ABB7B1370FFF734
:1017600091FDFFF7D3FDBB7B002B08D0084B1B7806
:10177000DBB223F00103DAB2054B1A7001E0FFF788
:101780004BFE034B1B78DBB218461437BD4690BDA9
:10179000000000203C0200204002002080B483B002
:1017A00000AF0346FB71FB79002B01D0012302E05F
:1017B000034B1B78DBB218460C37BD4680BC704724
:1017C0000000002080B584B000AFB9607A603B6053
:1017D0000346FB73FB7B002B02D13B68002B01D13E
:1017E000042351E02A4B1B78DBB203F00103002BEA
:1017F00001D0032348E0274B1B7803F00403002BA0
:1018000002D17B685B027B60FFF72CFD3B68012BFC
:1018100011D179685120FFF786FE0346002B29D1AC
:101820004FF40071B868FFF70DFE0346002B21D07E
:1018300000233B601EE079685220FFF774FE0346E8
:10184000002B17D14FF40071B868FFF7FBFD03467A
:10185000002B0AD0BB6803F50073BB603B68013BFB
:101860003B603B68002BEDD100E000BF00214C2025
:10187000FFF759FEFFF706FDFFF748FD3B68002B19
:1018800014BF01230023DBB218461037BD4680BDCC
:10189000000000204002002080B584B000AFB96095
:1018A0007A603B600346FB73FB7B002B02D13B68F5
:1018B000002B01D104236BE0374B1B78DBB203F024
:1018C0000103002B01D0032362E0334B1B78DBB212
:1018D00003F00403002B01D0022359E02F4B1B78A7
:1018E00003F00403002B02D17B685B027B60FFF7EF
:1018F000B9FC3B68012B10D179685820FFF713FE23
:101900000346002B3AD1FE21B868FFF7C9FD034614
:10191000002B33D000233B6030E0204B1B7803F0DA
:101920000203002B07D000217720FFF7FCFD396868
:101930005720FFF7F8FD79685920FFF7F4FD0346BB
:10194000002B1BD1FC21B868FFF7AAFD0346002B32
:101950000AD0BB6803F50073BB603B68013B3B608A
:101960003B68002BEED100E000BFFD210020FFF717
:1019700097FD0346002B01D101233B60FFF782FC5A
:10198000FFF7C4FC3B68002B14BF01230023DBB22C
:1019900018461037BD4680BD0000002040020020E0
:1019A00090B58BB000AF03463A60FB710B46BB713C
:1019B0003B683B62FB79002B01D0042313E1012338
:1019C00087F82730BB79052B24D13B6A1B78022B83
:1019D00012D0022B1ADC002B02D0012B06D015E00E
:1019E000FFF71AFD002387F82730FAE0FFF7D2FC53
:1019F000002387F82730F4E03B6A5C1CFFF718FDF2
:101A000003462370002387F82730EAE0042387F891
:101A10002730E6E0764B1B78DBB203F00103002BA6
:101A200001D00323DFE0FFF71DFCBB790D2B00F293
:101A3000C98001A252F823F02F1B0008711A000878
:101A40001F1B0008C51B0008C51B0008C51B00089C
:101A5000C51B0008C51B0008C51B0008C51B0008E6
:101A6000C51B0008411B0008651B0008891B0008F6
:101A700000214920FFF757FD0346002B40F0A680C8
:101A800007F10C0310211846FFF7DCFC0346002B7E
:101A900000F09C803B7B9B09DBB2012B0DD17B7D51
:101AA0001A463B7D1B029BB213449BB20133FB835E
:101AB000FB8B9A023B681A602DE07B7C03F00F03DE
:101AC000DAB2BB7DDB09DBB21344DAB27B7D5B00AB
:101AD000DBB203F00603DBB21344DBB2023387F858
:101AE00026303B7D9B09DBB21A46FB7C9B009BB2F8
:101AF00013449AB2BB7C9B029BB203F440639BB23B
:101B000013449BB20133FB83FA8B97F82630093BD1
:101B10009A403B681A60002387F8273056E03B68FC
:101B20004FF400721A80002387F8273055E0FFF742
:101B300017FC0346FF2B4BD1002387F8273047E0E3
:101B400000214920FFF7EFFC0346002B42D1102172
:101B5000386AFFF777FC0346002B3BD0002387F859
:101B6000273037E000214A20FFF7DDFC0346002B39
:101B700032D11021386AFFF765FC0346002B2BD0C9
:101B8000002387F8273027E000217A20FFF7CBFCDD
:101B90000346002B16D1002387F826300BE03C6A61
:101BA000631C3B62FFF7B2FB0346237097F82630B5
:101BB000013387F8263097F82630032BEFD900231E
:101BC00087F82730042387F8273006E000BF04E0B9
:101BD00000BF02E000BF00E000BFFFF753FBFFF7CC
:101BE00095FB97F8273018462C37BD4690BD00BFAF
:101BF0000000002080B400AF0B4B1B6803F0800393
:101C0000002B0CD0094B0A4A1A60084B094A1A608B
:101C100000BF054B1B6803F08003002BF9D100BF08
:101C2000BD4680BC704700BF102002400420024027
:101C300023016745AB89EFCD80B400AF044B1B682F
:101C4000034A43F08003136000BFBD4680BC704769
:101C50001020024080B483B000AF786000BF134B07
:101C60001B6803F08003002BF9D1104B1B680F4A4F
:101C700043F0020313600E4A7B6813600B4B1B6832
:101C80000A4A43F04003136000BF0A4B1B6803F08D
:101C90000103002BF9D1054B1B68044A23F0020312
:101CA000136000BF0C37BD4680BC70471020024057
:101CB000142002400C20024080B483B000AF786052
:101CC0000B467B8000BF104B1B6803F08003002B8A
:101CD000F9D10D4B1B680C4A43F0010313607B687C
:101CE0007A881A8000BF094B1B6803F00103002BA0
:101CF000F9D1054B1B68044A23F00103136000BFB0
:101D00000C37BD4680BC7047102002400C200240BA
:101D100080B586B000AF786039601C4B1B681B4AE9
:101D200023F0070313603868FEF712FA0346013305
:101D30003B61FFF75FFF7868FFF78CFF00237B6153
:101D40001AE03A687B6913441B781AB27B69013345
:101D500039680B441B781BB21B021BB213431BB226
:101D6000FB817A687B691344FA8911461846FFF7AC
:101D7000A3FF7B6902337B617A693B699A42E0D3B6
:101D8000FFF75AFF00BF1837BD4680BD0020024054
:101D900080B489B000AFF860B9607A60FB68FB611D
:101DA0000023BB6124E0FB691B88FB82BA68BB6926
:101DB0001344FA8AD2B21A70FB8A1B0A99B2BB6921
:101DC0000133BA681344CAB21A70BA68BB691344C3
:101DD0001B78002B11D0BB690133BA6813441B7800
:101DE000002B0AD0FB690233FB61BB690233BB6184
:101DF0007B68013BBA699A42D5D37B68013BBA68DC
:101E0000134400221A7000BF2437BD4680BC7047BF
:101E100080B485B000AFF860B9607A60FB68064AAC
:101E20001A60BB68054A1A607B6880221A6000BF8E
:101E30001437BD4680BC704744020020E4020020F5
:101E400080B485B000AF78600023FB6002E0FB68DF
:101E50000133FB607B684FF4FA6202FB03F3FA681C
:101E60009A42F4D300BF00BF1437BD4680BC704710
:101E700080B483B000AF78600B46FB70FB78002B1A
:101E80000AD00D4B1B6801217A6801FA02F2114653
:101E9000094A0B4313600AE0074B1B6801217A686B
:101EA00001FA02F2D2431146034A0B40136000BF0D
:101EB0000C37BD4680BC70470C08014080B500AFB0
:101EC000174B1B68164A43F004031360154B1B683D
:101ED000144A03F070431360124B1A681149124BF5
:101EE00013430B6000210B20FFF7C2FF00210C20E1
:101EF000FFF7BEFF00210D20FFF7BAFF00210E20E3
:101F0000FFF7B6FF00210820FFF7B2FF00210920EC
:101F1000FFF7AEFF00210A20FFF7AAFF00BF80BD38
:101F200018100240040801401111110180B500AFE2
:101F300001210A20FFF79CFF00210A20FFF798FFEC
:101F400000BF80BD80B582B000AF0346FB71FB7956
:101F500003F00103DBB219460B20FFF789FFFB7981
:101F60005B08DBB203F00103DBB219460C20FFF77C
:101F70007FFFFB799B08DBB203F00103DBB219465C
:101F80000D20FFF775FFFB79DB08DBB203F00103DF
:101F9000DBB219460E20FFF76BFF00BF0837BD46C6
:101FA00080BD80B582B000AF0346FB71FB791B0991
:101FB000DBB21846FFF7C6FFFFF7B8FFFB791846FC
:101FC000FFF7C0FFFFF7B2FF00BF0837BD4680BD77
:101FD00080B500AF0120FFF7E4FF0120FFF730FFDD
:101FE00000BF80BD80B500AFFFF768FF0020FFF79E
:101FF000A9FF00210820FFF73BFF0320FFF7A2FF06
:10200000FFF794FFFFF792FFFFF790FF0220FFF723
:1020100099FFFFF78BFF2820FFF7C3FF0E20FFF784
:10202000C0FF0620FFF7BDFF0120FFF7BAFF00BF8A
:1020300080BD80B584B000AF03460A46FB711346ED
:10204000BB71BB79002B03D1FB79803BFB7313E0A1
:10205000BB79012B03D1FB79403BFB730CE0BB79CF
:10206000022B03D1FB796C3BFB7305E0BB79032B9F
:1020700002D1FB792C3BFB73FB7B1846FFF791FFEA
:1020800000BF1037BD4680BD80B582B000AF0346AB
:10209000FB7101210820FFF7EBFEFB791846FFF7E3
:1020A00080FF00210820FFF7E3FE00BF0837BD4690
:1020B00080BD80B582B000AF786007E07B681B7898
:1020C0001846FFF7E1FF7B6801337B607B681B7874
:1020D000002BF3D100BF00BF0837BD4680BD000014
:1020E00080B582B000AF7860FFF772FF1348FFF74A
:1020F000E0FF01210120FFF79CFF1148FFF7D9FF06
:1021000002210120FFF795FF0E48FFF7D2FF0321C0
:102110000120FFF78EFF0C48FFF7CBFF7B68DBB297
:102120000133DBB219460020FFF783FF3E20FFF7A3
:10213000ABFF00BF0837BD4680BD00BFB8E5000853
:10214000D0E50008E0E50008F0E5000880B586B0BD
:1021500000AF786008237B6100F030FE0346FB741B
:1021600029E000F02BFE0346FB74FB7C2F2B22D9C9
:10217000FB7C392B1FD8FB7C1846FFF785FF7B695A
:10218000072B11DC0123FB600BE0FB687A681A4423
:10219000FB68013B79680B4412781A70FB680133C5
:1021A000FB60FB68082BF0DD7B680833FA7C1A7053
:1021B0007B69013B7B61FB7C3D2B02D0FB7C432B8D
:1021C000CFD1FB7C18461837BD4680BD80B590B096
:1021D00004AF00210020FFF72CFF154B1B68FB62AA
:1021E000134B5B68BB62124B9B687B62104BDB68D6
:1021F0003B62104B1B681846FEF716F902460B4669
:10220000381DCDE902233B6A01937B6A0093BB6AC8
:10221000FA6A094909F03CFE0C20FFF7C2FE3B1D9B
:102220001846FFF746FF00BF3037BD4680BD00BFF0
:102230000C0000202C00002000E60008B0B592B091
:1022400000AF01F051FA00F0AFF801F099F901F098
:10225000C7F9FEF7EDFEFFF7C5FE00F081FD00F0C7
:1022600043FF00F013F900F0DBF802F0A5FF424B4A
:102270001B68414A43F0200313603F4B1B683E4AF2
:1022800023F0100313603D4B1B683D4A82FB031291
:102290005211DB17D31A4FF47A7203FB02F2394B57
:1022A0001A604FF080431B684FF0804243F00103F7
:1022B0001360354B1B68344A43F001031360FFF78A
:1022C00085FF324B1B68FF2B0BD1314B1A683B4605
:1022D0003049184609F0DCFD3B4619462B48FFF70C
:1022E00017FD07F14003052219462848FFF750FD66
:1022F00007F14003184609F027F80246244B1B68F3
:1023000013440133224A1360214B1A6807F140033A
:102310002049184609F0BCFD07F1400319461B4847
:10232000FFF7F6FC1C4B07F124041D460FCD0FC42C
:1023300095E8070084E8070007F124030021184608
:1023400006F044FC0346154A1360154B07F10804D8
:102350001D460FCD0FC495E8070084E8070007F17C
:1023600008030021184606F031FC03460D4A1360AD
:1023700006F025FC00BFFDE70C0801400C00002022
:102380001F85EB51340000400008004000EC0008BD
:102390004C25002018E6000828E60008A8250020A3
:1023A0004CE60008AC25002080B590B000AF07F1E6
:1023B000180328220021184609F0CFFD3B1D0022FA
:1023C0001A605A609A60DA601A610223BB610123C5
:1023D000BB621023FB6200237B6307F118031846DE
:1023E00001F054FC0346002B01D000F075FC0F23D4
:1023F0007B600023BB600023FB6000233B61002364
:102400007B613B1D0021184601F0C2FE0346002BF4
:1024100001D000F061FC00BF4037BD4680BD000028
:1024200080B500AF174B184A1A60164B4FF48272F2
:102430005A60144B00229A60124B0022DA60114B52
:1024400000221A610F4B00225A610E4B4FF40072AA
:102450009A610C4B0022DA610A4B00221A62094B86
:1024600000225A62074B00229A62064B0A22DA6265
:10247000044802F037F80346002B01D000F02CFC92
:1024800000BF80BD502500200038004080B588B0D6
:1024900000AF07F1100300221A605A609A60DA60F8
:1024A0001E4B9B691D4A43F0200393611B4B9B69A4
:1024B00003F02003FB60FB68184B9B69174A43F04D
:1024C00008039361154B9B6903F00803BB60BB686D
:1024D000124B9B69114A43F0040393610F4B9B69B4
:1024E00003F004037B607B6800224FF480510C48AA
:1024F00001F0B4FB4FF480533B6101237B61002367
:10250000BB610223FB6107F110031946044801F087
:1025100021FA00BF2037BD4680BD00BF0010024039
:10252000000C014080B5A6B004AF786000F046FC16
:10253000034687F8743097F87430432B40F0A68236
:10254000964B00221A60964B1B68954A43F0010394
:102550001360944B1B68934A23F00103136000F04F
:102560002DFC034687F8873004E000F027FC034683
:1025700087F887308B4B1B6803F00103002B03D1D6
:1025800097F88730012BF0D0854B1B68844A23F0E5
:102590000103136097F887303D2B40F077820E20BF
:1025A000FFF7FFFCFFF714FD00210020FFF741FDBE
:1025B0007D48FFF77EFD002387F886304FE001213C
:1025C0000020FFF736FD0023C7F8803022E000F03E
:1025D000F5FB034687F8623097F86230012B19D07B
:1025E000724AD7F88030134497F862201A7097F82F
:1025F00062301846FFF748FDD7F88030DBB2013370
:10260000DBB201211846FFF714FDD7F88030013303
:10261000C7F88030D7F88030032BD8DD644B1A78A8
:10262000624B1B789A4215D1614B5A785F4B5B78AD
:102630009A420FD15E4B9A785C4B9B789A4209D1B3
:102640005B4BDA78594BDB789A4203D1012387F848
:10265000863004E0FFF7BCFC5648FFF72AFD97F8E8
:10266000863083F00103DBB2002BA8D10020FFF7F6
:1026700037FD0023BB6776E100F0A0FB034687F837
:102680007F30BB6F002B0CDBBB6F012B09DC97F895
:102690007F30582B05D1BB6F0133BB67B86FFFF795
:1026A0001FFDBB6F002B0CDDBB6F022B09DC97F805
:1026B0007F30252B05D1BB6F013BBB67B86FFFF7A0
:1026C0000FFD97F87F302B2B40F04D81BB6F002B17
:1026D0007CD1394A07F1580307CA03C31A80364A26
:1026E00007F14C0307CA03C31A80FFF771FC0021EE
:1026F0000020FFF79EFC3148FFF7DBFC01210020A2
:10270000FFF797FC2E48FFF7D4FC02210020FFF7CB
:1027100090FC2C48FFF7CDFC01210320FFF789FC3A
:1027200000F04CFB034687F8773007F15803184652
:10273000FFF70CFD034687F8773097F877303D2B8D
:1027400023D102210320FFF774FC07F14C03184644
:10275000FFF7FCFC034687F8773097F877303D2B7E
:1027600013D107F15803184608F0EEFD0346164A48
:10277000136007F14C03184608F0E6FD0346124AC1
:102780005360B86FFFF7ACFCEDE097F87730432B60
:10279000CBD1B86FFFF7A4FCE5E000BF242C0140CB
:1027A000002C0140102C014068E600084425002060
:1027B0000400002078E6000834E700088CE60008F2
:1027C000A0E60008A4E600081C000020BB6F012B57
:1027D00063D1B14A07F1400307CA03C31A80AE4A66
:1027E00007F1340307CA03C31A80FFF7F1FB002186
:1027F0000020FFF71EFCA948FFF75BFC0121002029
:10280000FFF717FCA648FFF754FC02210020FFF752
:1028100010FCA448FFF74DFC01210320FFF709FC41
:1028200000F0CCFA034687F8763007F140031846EB
:10283000FFF78CFC034687F8763097F876303D2B0F
:1028400023D102210320FFF7F4FB07F134031846DC
:10285000FFF77CFC034687F8763097F876303D2BFF
:1028600013D107F14003184608F06EFD03468E4A67
:10287000936007F13403184608F066FD03468A4A60
:10288000D360B86FFFF72CFC6DE097F87630432BE0
:10289000CBD1B86FFFF724FC65E0002387F87530D3
:1028A000FFF796FB00210020FFF7C3FB7F48FFF7EF
:1028B00000FC01210020FFF7BCFB4DE0764A07F148
:1028C000280307CA03C31A8000F078FA034687F882
:1028D000633007F128031846FFF738FC034687F8F2
:1028E000633097F863303D2B2ED197F82C30302B86
:1028F00016D197F82D206E4B1A7097F82E206C4B3E
:102900005A7097F82F206A4B9A7097F83020684BCE
:10291000DA70B86FFFF7E4FB012387F8753013E036
:10292000FFF756FB00210020FFF783FB6148FFF70C
:10293000C0FB01210020FFF77CFB5F48FFF7B9FBDC
:1029400002210020FFF775FB97F86330432B03D17A
:10295000B86FFFF7C5FB06E097F8753083F0010309
:10296000DBB2002BAAD197F87F303D2B7FF484AEE9
:1029700097F87F303D2B40F08780FFF729FB00213F
:102980000020FFF756FB4D48FFF793FB0121002085
:10299000FFF74FFB4A48FFF78CFB02210020FFF7AF
:1029A00048FB4848FFF785FB03210020FFF741FB68
:1029B0004548FFF77EFB04E000F000FA034687F885
:1029C0007F3097F87F30312B03D097F87F30322B50
:1029D000F2D197F87F30312B36D13C4B1B683B67E7
:1029E0003A4B5B68FB66394B9B68BB66374BDB68D1
:1029F0007B66374B1B681846FDF716FD02460B46F3
:102A000007F10C00CDE902237B6E0193BB6E0093AE
:102A1000FB6E3A6F2F4909F03BFA2F4B1A681346A9
:102A20009B0013449A00134403F1006303F57C43B5
:102A30001A4607F10C0319461046FFF769F9264BB1
:102A40001B680133244A1360174B1B681F4A13602D
:102A5000154B5B681D4A5360134B9B681B4A936080
:102A6000114BDB68194AD360114B1A781B4B1A7053
:102A70000F4B5A78194B5A700D4B9A78174B9A7026
:102A80000B4BDA78154BDA70FFF7A2FAFFF79EFBD3
:102A9000012006F0E7F849E534E700088CE6000875
:102AA000A8E60008ACE600081C000020B0E600081C
:102AB00008000020C4E60008DCE60008F4E6000890
:102AC00008E700081CE7000824E700080C000020C5
:102AD0002C00002000E6000848250020040000200B
:102AE00090B599B002AF7860FEF71EFB0346624ACC
:102AF0001360624B1B687B65604B5B683B655F4B9B
:102B00009B68FB645D4BDB68BB6407F12C00BB6C0E
:102B10000193FB6C00933B6D7A6D594909F0B8F94C
:102B2000554B1B681846FEF75DFA03467B64524B13
:102B30001C68786CFEF7B2F8034619462046FDF78C
:102B4000F7FF03464F491846FEF7FCF803461846C0
:102B5000FEF748FA03463B6407F120003B6C7A6CB1
:102B6000494909F095F907F12C03184600F080FD5A
:102B700007F12003184600F07BFD444B1A6807F16B
:102B80000C034349184609F083F9002241494248A1
:102B900004F044FC07F10C03132219463F4804F0EB
:102BA000A9FC3E4B03F58053DB6819463B4805F012
:102BB00051FB07F12C033949184605F0F9FE07F1DE
:102BC00020033649184605F0F3FE3449344805F031
:102BD000EFFE324805F00AFB324B1B680133314AE5
:102BE0001360264B5A682F4B1B689A4219D12E4B03
:102BF0001B682D4A43F0100313602B4B1B682A4AB5
:102C000023F0200313601D4B9B68284A82FB0312AC
:102C10005211DB17D31A4FF47A7203FB02F2244BE2
:102C20001A60164B5A68154BDB681A441D4B1B681B
:102C30009A421CD11C4B1B681B4A43F020031360B3
:102C4000194B1B68184A23F0100313600B4B1B68C9
:102C5000164A82FB03125211DB17D31A4FF47A7211
:102C600003FB02F2124B1A600E4B00221A604FF463
:102C70007A7005F0F7FF37E72C0000200C000020E9
:102C800040E700080000C84254E700084C25002037
:102C900060E700086CE70008E40400201815002035
:102CA00070E70008300000200C0801401F85EB5140
:102CB0003400004080B582B000AF78607B681B684C
:102CC000044A934201D100F025FD00BF0837BD46FC
:102CD00080BD00BF0004004080B400AF72B600BFEA
:102CE00000BFFDE780B483B000AF78600B46FB7097
:102CF000FB78002B0AD00D4B1B6801217A6801FA82
:102D000002F21146094A0B4313600AE0074B1B68A5
:102D100001217A6801FA02F2D2431146034A0B40BC
:102D2000136000BF0C37BD4680BC70470C0C0140DF
:102D300080B483B000AF7860084B1B6801217A68CB
:102D400001FA02F21340002B01D0012300E000231E
:102D500018460C37BD4680BC704700BF080C0140C8
:102D600080B400AF124B1B68114A43F00803136094
:102D7000104B1B680F4B00221A600E4B1B680D4A4C
:102D800043F4885343F0110313600A4B1B68094A4C
:102D900043F0084343F408031360074B1B68064ADB
:102DA00043F0F003136000BFBD4680BC704700BF16
:102DB00018100240000C01400C0C014080B500AF1F
:102DC00000210020FFF78EFF01210120FFF78AFF7D
:102DD00001210220FFF786FF01210320FFF782FF78
:102DE0000420FFF7A5FF034683F00103DBB2002BAD
:102DF0000BD000BF0420FFF79BFF034683F00103C5
:102E0000DBB2002BF6D137236BE10520FFF790FFF3
:102E1000034683F00103DBB2002B0BD000BF05207B
:102E2000FFF786FF034683F00103DBB2002BF6D1E8
:102E3000382356E10620FFF77BFF034683F00103AA
:102E4000DBB2002B0BD000BF0620FFF771FF03465B
:102E500083F00103DBB2002BF6D1392341E10720D7
:102E6000FFF766FF034683F00103DBB2002B0BD0B4
:102E700000BF0720FFF75CFF034683F00103DBB2CE
:102E8000002BF6D125232CE101210020FFF72AFF9A
:102E900000210120FFF726FF01210220FFF722FF7A
:102EA00001210320FFF71EFF0420FFF741FF034627
:102EB00083F00103DBB2002B0BD000BF0420FFF72F
:102EC00037FF034683F00103DBB2002BF6D1342336
:102ED00007E10520FFF72CFF034683F00103DBB277
:102EE000002B0BD000BF0520FFF722FF034683F025
:102EF0000103DBB2002BF6D13523F2E00620FFF709
:102F000017FF034683F00103DBB2002B0BD000BF99
:102F10000620FFF70DFF034683F00103DBB2002B11
:102F2000F6D13623DDE00720FFF702FF034683F0EA
:102F30000103DBB2002B0BD000BF0720FFF7F8FE28
:102F4000034683F00103DBB2002BF6D15823C8E01F
:102F500001210020FFF7C6FE01210120FFF7C2FE7C
:102F600000210220FFF7BEFE01210320FFF7BAFE79
:102F70000420FFF7DDFE034683F00103DBB2002BE4
:102F80000BD000BF0420FFF7D3FE034683F00103FC
:102F9000DBB2002BF6D13123A3E00520FFF7C8FEFA
:102FA000034683F00103DBB2002B0BD000BF0520EA
:102FB000FFF7BEFE034683F00103DBB2002BF6D120
:102FC00032238EE00620FFF7B3FE034683F00103B1
:102FD000DBB2002B0BD000BF0620FFF7A9FE034693
:102FE00083F00103DBB2002BF6D1332379E0072015
:102FF000FFF79EFE034683F00103DBB2002B0BD0EC
:1030000000BF0720FFF794FE034683F00103DBB205
:10301000002BF6D12D2364E001210020FFF762FE92
:1030200001210120FFF75EFE01210220FFF75AFE79
:1030300000210320FFF756FE0420FFF779FE034628
:1030400083F00103DBB2002B0BD000BF0420FFF79D
:103050006FFE034683F00103DBB2002BF6D143235E
:103060003FE00520FFF764FE034683F00103DBB277
:10307000002B0BD000BF0520FFF75AFE034683F05C
:103080000103DBB2002BF6D130232AE00620FFF744
:103090004FFE034683F00103DBB2002B0BD000BFD1
:1030A0000620FFF745FE034683F00103DBB2002B49
:1030B000F6D13D2315E00720FFF73AFE034683F0E3
:1030C0000103DBB2002B0BD000BF0720FFF730FE5F
:1030D000034683F00103DBB2002BF6D12B2300E083
:1030E0000123184680BD000080B400AF1A4B1B6856
:1030F000194A43F001031360184B1B68174A43F049
:1031000004031360164B1B68154A23F00F0313606A
:10311000134B1B68124A43F009031360114B9F22A3
:103120001A60114B40F2E7321A60104B1B680F4ACD
:1031300043F0600313600D4B1B680C4A43F0080317
:1031400013600B4B1B680A4A43F00103136000BF76
:10315000BD4680BC704700BF1C10024018100240E2
:1031600000080140280000402C00004018000040EA
:103170002000004080B584B000AF184B9B69174A0F
:1031800043F001039361154B9B6903F00103BB609E
:10319000BB68124BDB69114A43F08053D3610F4B7C
:1031A000DB6903F080537B607B6800220F216FF0A6
:1031B000010000F0A4FB0A4B5B68FB60FB6823F096
:1031C000E063FB60FB6843F00073FB60044AFB684C
:1031D000536000BF1037BD4680BD00BF00100240E5
:1031E0000000014080B588B000AF786007F110039F
:1031F00000221A605A609A60DA607B681B681C4A79
:10320000934231D11B4BDB691A4A43F48043D361AB
:10321000184BDB6903F48043FB60FB68154B9B692B
:10322000144A43F008039361124B9B6903F00803AF
:10323000BB60BB684FF420433B6102237B610323E7
:10324000FB6107F1100319460B4800F083FB4FF4B4
:1032500080433B6100237B610023BB6107F11003C6
:103260001946054800F076FB00BF2037BD4680BDFB
:103270000038004000100240000C014080B58EB0C4
:1032800000AF78600023FB620023BB62002387F855
:103290003330344BDB69334A43F00203D361314BA3
:1032A000DB6903F00203FB60FB6807F1100207F122
:1032B00014031146184601F0C7F83B6AFB62FB6A2B
:1032C000002B03D101F0ACF8786304E001F0A8F81A
:1032D00003465B007B637B6B234AA2FB03239B0CAF
:1032E000013BBB62214B224A1A60204B40F2E7327D
:1032F000DA601E4ABB6A53601C4B00221A611B4BEA
:1033000000229A60194B00229A61184801F015FDBD
:10331000034687F8333097F83330002B1BD113481E
:1033200001F064FD034687F8333097F83330002B03
:1033300011D11D2000F0FFFA7B680F2B08D8002266
:1033400079681D2000F0DBFA0A4A7B68136002E00E
:10335000012387F8333097F8333018463837BD46A5
:1033600080BD00BF0010024083DE1B43B02500205B
:10337000000400403800002080B400AF00BFFDE72B
:1033800080B400AF00BFFDE780B400AF00BFFDE731
:1033900080B400AF00BFFDE780B400AF00BFFDE721
:1033A00080B400AF00BFBD4680BC704780B500AFA1
:1033B0000C4B1B88002B05D00A4B1B88013B9AB293
:1033C000084B1A80084B1B88002B05D0064B1B8826
:1033D000013B9AB2044B1A80044801F059FD00BF2A
:1033E00080BD00BF3C0200203E020020B02500202E
:1033F00080B400AF01231846BD4680BC704780B53D
:1034000082B000AF7860396008F058FE034616229B
:103410001A604FF0FF3318460837BD4680BD80B5AF
:1034200082B000AF78604FF0FF317868FFF7E7FFB8
:1034300000BFFDE780B586B000AFF860B9607A6084
:1034400000237B610AE0AFF300800146BB685A1C91
:10345000BA60CAB21A707B6901337B617A697B6892
:103460009A42F0DB7B6818461837BD4680BD80B5B0
:1034700086B000AFF860B9607A6000237B6109E034
:10348000BB685A1CBA601B781846AFF300807B6992
:1034900001337B617A697B689A42F1DB7B6818466D
:1034A0001837BD4680BD80B483B000AF78604FF060
:1034B000FF3318460C37BD4680BC704780B483B0DC
:1034C00000AF786039603B684FF400525A600023C7
:1034D00018460C37BD4680BC704780B483B000AF3F
:1034E0007860012318460C37BD4680BC704780B415
:1034F00085B000AFF860B9607A60002318461437D1
:10350000BD4680BC7047000080B586B000AF7860D3
:10351000144A154BD31A7B617B693B61134B1B68C3
:10352000002B02D1114B124A1A60104B1A687B68AB
:1035300013443A699A4207D208F0C0FD03460C22B0
:103540001A604FF0FF3309E0084B1B68FB60074B24
:103550001A687B681344054A1360FB6818461837DD
:10356000BD4680BD0050002000040000F82500206A
:103570001835002080B400AF00BFBD4680BC704746
:1035800080B400AF114B1B68104A43F40033136042
:103590000F4B40F241321A600E4B00221A600D4B65
:1035A0001B680C4A43F4005343F0080313600A4BB2
:1035B00000221A60084B084A1B681360074B002260
:1035C0001A6000BFBD4680BC704700BF1C1002409F
:1035D000084400400C4400401044004014440040A3
:1035E00080B400AF104B1B680F4A43F00403136014
:1035F0000E4B1B680D4A23F4706313600B4B1B6862
:103600000A4A43F420631360084B1B68074A23F4FB
:1036100070431360054B1B68044A43F480431360F6
:1036200000BFBD4680BC7047181002400008014032
:1036300080B483B000AF0346FB7100BF0A4B1B6828
:1036400003F08003002BF9D0084AFB79136000BF18
:10365000054B1B6803F04003002BF9D000BF00BFEF
:103660000C37BD4680BC7047004400400444004015
:1036700080B582B000AF786006E07B685A1C7A6043
:103680001B781846FFF7D4FF7B681B78002BF4D11A
:1036900000BF00BF0837BD4680BD0000FFF76AFFCE
:1036A0000B480C490C4A002302E0D458C4500433A0
:1036B000C4188C42F9D3094A094C002301E0136075
:1036C0000432A242FBD308F0FFFCFEF7B7FD7047BF
:1036D0000000002020020020F0EB00082002002063
:1036E00014350020FEE7000080B500AF084B1B68D2
:1036F000074A43F010031360032000F0F5F80F2091
:10370000FFF7BCFDFFF736FD0023184680BD00BF64
:103710000020024080B400AF054B1B781A46054BD1
:103720001B681344034A136000BFBD4680BC70474A
:103730003C000020FC25002080B400AF024B1B6839
:103740001846BD4680BC7047FC25002080B584B07B
:1037500000AF7860FFF7F0FFB8607B68FB60FB6844
:10376000B3F1FF3F05D00A4B1B781A46FB681344A0
:10377000FB6000BFFFF7E0FF0246BB68D31AFA68A0
:103780009A42F7D800BF00BF1037BD4680BD00BFCA
:103790003C00002080B485B000AF78607B6803F007
:1037A0000703FB600C4BDB68BB60BA684FF6FF0396
:1037B0001340BB60FB681A02BB68134343F0BF634E
:1037C00043F40033BB60044ABB68D36000BF1437C6
:1037D000BD4680BC704700BF00ED00E080B400AF84
:1037E000044BDB681B0A03F007031846BD4680BC88
:1037F000704700BF00ED00E080B483B000AF034627
:10380000FB7197F90730002B0BDBFB7903F01F02EC
:10381000064997F907305B09012000FA02F241F8E6
:10382000232000BF0C37BD4680BC704700E100E09C
:1038300080B483B000AF03463960FB7197F907305D
:10384000002B0ADB3B68DAB20C4997F9073012010A
:10385000D2B20B4483F800230AE03B68DAB208498D
:10386000FB7903F00F03043B1201D2B20B441A762A
:1038700000BF0C37BD4680BC704700BF00E100E0D0
:1038800000ED00E080B489B000AFF860B9607A6004
:10389000FB6803F00703FB61FB69C3F10703042B1B
:1038A00028BF0423BB61FB690433062B02D9FB69E3
:1038B000033B00E000237B614FF0FF32BB6902FA5B
:1038C00003F3DA43BB681A407B699A404FF0FF313B
:1038D0007B6901FA03F3D9437B680B401343184615
:1038E0002437BD4680BC704780B582B000AF786099
:1038F0007868FFF74FFF00BF0837BD4680BD80B531
:1039000086B000AF0346B9607A60FB7300237B6129
:10391000FFF764FF78617A68B9687869FFF7B2FFEA
:10392000024697F90F3011461846FFF781FF00BF96
:103930001837BD4680BD80B582B000AF0346FB712D
:1039400097F907301846FFF757FF00BF0837BD4605
:1039500080BD000080B48BB000AF78603960002378
:103960007B6200233B6269E101227B6A02FA03F376
:10397000FB613B681B68FA691340BB61BA69FB696C
:103980009A4240F058813B685B689A4A93425ED005
:10399000984A934275D8984A934258D0964A93428F
:1039A0006FD8964A934252D0944A934269D8944A27
:1039B00093424CD0924A934263D8924A934246D063
:1039C000904A93425DD8122B2AD8122B59D801A2C3
:1039D00052F823F04F3A0008293A00083B3A000811
:1039E0007D3A0008833A0008833A0008833A0008C9
:1039F000833A0008833A0008833A0008833A0008B3
:103A0000833A0008833A0008833A0008833A0008A2
:103A1000833A0008833A0008313A0008453A000822
:103A2000794A934213D02CE03B68DB683B6229E083
:103A30003B68DB6804333B6224E03B68DB680833A7
:103A40003B621FE03B68DB680C333B621AE03B687B
:103A50009B68002B02D104233B6213E03B689B6808
:103A6000012B05D108233B627B68FA691A6109E0E2
:103A700008233B627B68FA695A6103E000233B62DA
:103A800000E000BFBB69FF2B01D87B6801E07B68C9
:103A900004337B61BB69FF2B02D87B6A9B0002E089
:103AA0007B6A083B9B003B617B691A680F213B697D
:103AB00001FA03F3DB431A40396A3B6901FA03F365
:103AC0001A437B691A603B685B6803F08053002BE4
:103AD00000F0B1804D4B9B694C4A43F00103936168
:103AE0004A4B9B6903F00103BB60BB68484A7B6A91
:103AF0009B08023352F82330FB607B6A03F0030318
:103B00009B000F2202FA03F3DB43FA681340FB60C9
:103B10007B68404A934213D07B683F4A93420DD062
:103B20007B683E4A934207D07B683D4A934201D16D
:103B3000032306E0042304E0022302E0012300E063
:103B400000237A6A02F0030292009340FA6813435A
:103B5000FB602F497B6A9B080233FA6841F82320F7
:103B60003B685B6803F48013002B06D02D4B9A68EA
:103B70002C49BB6913438B6006E02A4B9A68BB69EA
:103B8000DB43284913408B603B685B6803F40013F8
:103B9000002B06D0234BDA682249BB691343CB6064
:103BA00006E0204BDA68BB69DB431E491340CB605B
:103BB0003B685B6803F40033002B06D0194B5A684E
:103BC0001849BB6913434B6006E0164B5A68BB6942
:103BD000DB43144913404B603B685B6803F480335C
:103BE000002B21D00F4B1A680E49BB6913430B60A1
:103BF00021E000BF00003210000031100000221050
:103C000000002110000012100000111000100240EE
:103C10000000014000080140000C0140001001407C
:103C200000140140000401400B4B1A68BB69DB43E0
:103C3000094913400B607B6A01337B623B681A6859
:103C40007B6A22FA03F3002B7FF48EAE00BF00BF25
:103C50002C37BD4680BC70470004014080B483B05F
:103C600000AF78600B467B8013467B707B78002B1F
:103C700003D07A887B681A6103E07B881A047B682A
:103C80001A6100BF0C37BD4680BC704780B586B056
:103C900000AF78607B68002B01D1012372E27B6862
:103CA0001B6803F00103002B00F08780924B5B68D8
:103CB00003F00C03042B0CD08F4B5B6803F00C0358
:103CC000082B12D18C4B5B6803F48033B3F5803F33
:103CD0000BD1894B1B6803F40033002B6CD07B683D
:103CE0005B68002B68D101234CE27B685B68B3F50D
:103CF000803F06D1804B1B687F4A43F480331360BA
:103D00002EE07B685B68002B0CD17B4B1B687A4AEA
:103D100023F480331360784B1B68774A23F48023A5
:103D200013601DE07B685B68B3F5A02F0CD1724B6C
:103D30001B68714A43F4802313606F4B1B686E4A03
:103D400043F4803313600BE06B4B1B686A4A23F427
:103D500080331360684B1B68674A23F48023136029
:103D60007B685B68002B13D0FFF7E6FC386108E046
:103D7000FFF7E2FC02463B69D31A642B01D9032307
:103D800000E25D4B1B6803F40033002BF0D014E01D
:103D9000FFF7D2FC386108E0FFF7CEFC02463B6932
:103DA000D31A642B01D90323ECE1534B1B6803F4B2
:103DB0000033002BF0D100E000BF7B681B6803F0EC
:103DC0000203002B63D04C4B5B6803F00C03002B09
:103DD0000BD0494B5B6803F00C03082B1CD1464BFE
:103DE0005B6803F48033002B16D1434B1B6803F050
:103DF0000203002B05D07B681B69012B01D0012336
:103E0000C0E13D4B1B6823F0F8027B685B69DB0077
:103E1000394913430B603AE07B681B69002B20D0C3
:103E2000364B01221A60FFF787FC386108E0FFF784
:103E300083FC02463B69D31A022B01D90323A1E17B
:103E40002D4B1B6803F00203002BF0D02A4B1B689C
:103E500023F0F8027B685B69DB00274913430B60A2
:103E600015E0264B00221A60FFF766FC386108E077
:103E7000FFF762FC02463B69D31A022B01D90323E8
:103E800080E11D4B1B6803F00203002BF0D17B681F
:103E90001B6803F00803002B3AD07B689B69002B5A
:103EA00019D0174B01221A60FFF746FC386108E071
:103EB000FFF742FC02463B69D31A022B01D90323C8
:103EC00060E10D4B5B6A03F00203002BF0D0012090
:103ED00000F0EAFA1CE00A4B00221A60FFF72CFC03
:103EE00038610FE0FFF728FC02463B69D31A022B2A
:103EF00008D9032346E100BF0010024000004242FF
:103F000080044242924B5B6A03F00203002BE9D12A
:103F10007B681B6803F00403002B00F0A6800023DD
:103F2000FB758B4BDB6903F08053002B0DD1884B65
:103F3000DB69874A43F08053D361854BDB6903F02B
:103F40008053BB60BB680123FB75824B1B6803F485
:103F50008073002B18D17F4B1B687E4A43F480731B
:103F60001360FFF7E9FB386108E0FFF7E5FB024665
:103F70003B69D31A642B01D9032303E1754B1B68FA
:103F800003F48073002BF0D07B68DB68012B06D133
:103F90006F4B1B6A6E4A43F0010313622DE07B688E
:103FA000DB68002B0CD16A4B1B6A694A23F00103C2
:103FB0001362674B1B6A664A23F0040313621CE01A
:103FC0007B68DB68052B0CD1614B1B6A604A43F0B0
:103FD000040313625E4B1B6A5D4A43F001031362E4
:103FE0000BE05B4B1B6A5A4A23F001031362584BE8
:103FF0001B6A574A23F0040313627B68DB68002BBB
:1040000015D0FFF799FB38610AE0FFF795FB0246F0
:104010003B69D31A41F28832934201D90323B1E0BC
:104020004B4B1B6A03F00203002BEED014E0FFF7AA
:1040300083FB38610AE0FFF77FFB02463B69D31A36
:1040400041F28832934201D903239BE0404B1B6A23
:1040500003F00203002BEED1FB7D012B05D13C4B7D
:10406000DB693B4A23F08053D3617B68DB69002B1B
:1040700000F08780364B5B6803F00C03082B61D09F
:104080007B68DB69022B46D1334B00221A60FFF7B5
:1040900053FB386108E0FFF74FFB02463B69D31A38
:1040A000022B01D903236DE0294B1B6803F0007339
:1040B000002BF0D17B681B6AB3F5803F08D1244BFD
:1040C0005B6823F400327B689B68214913434B6093
:1040D0001F4B5B6823F474127B68196A7B685B6A08
:1040E0000B431B4913434B601B4B01221A60FFF724
:1040F00023FB386108E0FFF71FFB02463B69D31A38
:10410000022B01D903233DE0114B1B6803F0007320
:10411000002BF0D035E0104B00221A60FFF70CFBAB
:10412000386108E0FFF708FB02463B69D31A022B0F
:1041300001D9032326E0064B1B6803F00073002B14
:10414000F0D11EE07B68DB69012B07D1012319E068
:104150000010024000700040600042420B4B5B6860
:10416000FB60FB6803F480327B681B6A9A4206D1CD
:10417000FB6803F470127B685B6A9A4201D00123EA
:1041800000E0002318461837BD4680BD00100240ED
:1041900080B584B000AF786039607B68002B01D1B6
:1041A0000123D0E06A4B1B6803F007033A689A4288
:1041B00010D9674B1B6823F0070265493B6813431E
:1041C0000B60634B1B6803F007033A689A4201D007
:1041D0000123B8E07B681B6803F00203002B20D0AA
:1041E0007B681B6803F00403002B05D0594B5B6808
:1041F000584A43F4E06353607B681B6803F008038C
:10420000002B05D0534B5B68524A43F46053536014
:10421000504B5B6823F0F0027B689B684D49134369
:104220004B607B681B6803F00103002B40D07B6868
:104230005B68012B07D1474B1B6803F40033002B4D
:1042400015D101237FE07B685B68022B07D1414BCE
:104250001B6803F00073002B09D1012373E03D4B71
:104260001B6803F00203002B01D101236BE0394BE3
:104270005B6823F003027B685B68364913434B603D
:10428000FFF75AFAF8600AE0FFF756FA0246FB68B1
:10429000D31A41F28832934201D9032353E02D4BC4
:1042A0005B6803F00C027B685B689B009A42EBD171
:1042B000274B1B6803F007033A689A4210D2244B3D
:1042C0001B6823F0070222493B6813430B60204B15
:1042D0001B6803F007033A689A4201D0012332E0D9
:1042E0007B681B6803F00403002B08D0194B5B6844
:1042F00023F4E0627B68DB68164913434B607B68FC
:104300001B6803F00803002B09D0124B5B6823F4F1
:1043100060527B681B69DB000E4913434B6000F061
:1043200021F802460B4B5B681B0903F00F030A4997
:10433000CB5C22FA03F3094A1360094B1B68184649
:10434000FEF79CFF002318461037BD4680BD00BF16
:104350000020024000100240C0E7000834000020A6
:104360003800002080B487B000AF0023FB6000233A
:10437000BB6000237B6100237B6000233B611E4BFD
:104380005B68FB60FB6803F00C03042B02D0082B76
:1043900003D027E0194B3B6127E0FB689B0C03F03F
:1043A0000F03174AD35C7B60FB6803F48033002B58
:1043B00010D0114B5B685B0C03F00103114AD35C16
:1043C000BB607B680D4A03FB02F2BB68B2FBF3F3F0
:1043D0007B6104E07B680C4A02FB03F37B617B6931
:1043E0003B6102E0054B3B6100BF3B6918461C374F
:1043F000BD4680BC704700BF0010024000127A002A
:10440000D8E70008E8E7000800093D0080B400AFE5
:10441000024B1B681846BD4680BC70473400002024
:1044200080B500AFFFF7F2FF0246054B5B681B0A41
:1044300003F007030349CB5C22FA03F3184680BD5F
:1044400000100240D0E7000880B483B000AF78606D
:1044500039607B680F221A60114B5B6803F003021E
:104460007B685A600E4B5B6803F0F0027B689A60D1
:104470000B4B5B6803F4E0627B68DA60084B5B68B7
:10448000DB0803F4E0627B681A61064B1B6803F0EB
:1044900007023B681A6000BF0C37BD4680BC7047FE
:1044A000001002400020024080B485B000AF786068
:1044B0000A4B1B680A4AA2FB03235B0A7A6802FBC9
:1044C00003F3FB6000BFFB685A1EFA60002BF9D1B2
:1044D00000BF00BF1437BD4680BC704734000020C9
:1044E000D34D621080B582B000AF78607B68002B3E
:1044F00001D1012376E07B685B6A002B08D17B68E1
:104500005B68B3F5827F09D07B680022DA6105E041
:104510007B6800221A617B6800225A617B68002256
:104520009A627B6893F85130DBB2002B06D17B682E
:10453000002283F850207868FEF754FE7B68022240
:1045400083F851207B681B681A687B681B6822F01F
:1045500040021A607B685B6803F482727B689B6828
:1045600003F404431A437B68DB6803F400631A43D3
:104570007B681B6903F002031A437B685B6903F0E5
:1045800001031A437B689B6903F400731A437B6839
:10459000DB6903F038031A437B681B6A03F080036E
:1045A00042EA03017B689B6A03F400527B681B6844
:1045B0000A431A607B689B691A0C7B681B6802F0CF
:1045C00004025A607B681B68DA697B681B6822F406
:1045D0000062DA617B6800225A657B68012283F8F9
:1045E0005120002318460837BD4680BD80B588B0ED
:1045F00000AFF860B9603B601346FB80FFF79CF8A2
:10460000F861FB887B83FB6893F85130DBB2012BA8
:1046100001D002232AE1BB68002B02D0FB88002BCB
:1046200001D1012322E1FB6893F85030012B01D125
:1046300002231BE1FB68012283F85020FB68032260
:1046400083F85120FB6800225A65FB68BA681A6338
:10465000FB68FA889A86FB68FA88DA86FB6800228B
:104660009A63FB6800229A87FB680022DA87FB685E
:1046700000225A64FB6800221A64FB689B68B3F549
:10468000004F0FD1FB681B681A68FB681B6822F09B
:1046900040021A60FB681B681A68FB681B6842F4DA
:1046A00080421A60FB681B681B6803F04003402BC4
:1046B00007D0FB681B681A68FB681B6842F0400261
:1046C0001A60FB68DB68B3F5006F52D1FB685B686A
:1046D000002B02D07B8B012B45D1FB681B6B1A880A
:1046E000FB681B68DA60FB681B6B9A1CFB681A632B
:1046F000FB68DB8E9BB2013B9AB2FB68DA8632E044
:10470000FB681B689B6803F00203022B12D1FB6855
:104710001B6B1A88FB681B68DA60FB681B6B9A1CB2
:10472000FB681A63FB68DB8E9BB2013B9AB2FB68A5
:10473000DA8618E0FFF700F80246FB69D31A3A68F8
:104740009A4203D83B68B3F1FF3F02D13B68002B8C
:1047500009D1FB68012283F85120FB68002283F80D
:104760005020032382E0FB68DB8E9BB2002BC7D175
:1047700053E0FB685B68002B02D07B8B012B47D199
:10478000FB681A6BFB681B680C3312781A70FB68A5
:104790001B6B5A1CFB681A63FB68DB8E9BB2013BE8
:1047A0009AB2FB68DA8633E0FB681B689B6803F00B
:1047B0000203022B13D1FB681A6BFB681B680C33D6
:1047C00012781A70FB681B6B5A1CFB681A63FB6833
:1047D000DB8E9BB2013B9AB2FB68DA8618E0FEF7EB
:1047E000ABFF0246FB69D31A3A689A4203D83B688A
:1047F000B3F1FF3F02D13B68002B09D1FB680122D6
:1048000083F85120FB68002283F8502003232DE019
:10481000FB68DB8E9BB2002BC6D1FA693968F86859
:1048200000F05AFA0346002B02D0FB6820225A659A
:10483000FB689B68002B0AD100237B61FB681B6827
:10484000DB687B61FB681B689B687B617B69FB683D
:10485000012283F85120FB68002283F85020FB6876
:104860005B6D002B01D0012300E0002318462037A8
:10487000BD4680BD80B58AB000AFF860B9607A608F
:104880007B8001237B62FEF757FF3862FB6893F859
:104890005130FB77FB685B68BB617B88FB82FB7FE9
:1048A000012B0CD0BB69B3F5827F06D1FB689B68F6
:1048B000002B02D1FB7F042B01D002237FE1BB68D8
:1048C000002B05D07B68002B02D07B88002B01D108
:1048D000012374E1FB6893F85030012B01D10223CE
:1048E0006DE1FB68012283F85020FB6893F851309A
:1048F000DBB2042B03D0FB68052283F85120FB6850
:1049000000225A65FB687A689A63FB687A88DA87BE
:10491000FB687A889A87FB68BA681A63FB687A88AA
:10492000DA86FB687A889A86FB6800221A64FB683C
:1049300000225A64FB681B681B6803F04003402B8D
:1049400007D0FB681B681A68FB681B6842F04002CE
:104950001A60FB68DB68B3F5006F7ED1FB685B68AB
:10496000002B02D0FB8A012B6CD1FB681B6B1A88D1
:10497000FB681B68DA60FB681B6B9A1CFB681A6398
:10498000FB68DB8E9BB2013B9AB2FB68DA8659E08A
:10499000FB681B689B6803F00203022B1BD1FB68BA
:1049A000DB8E9BB2002B16D07B6A012B13D1FB68E8
:1049B0001B6B1A88FB681B68DA60FB681B6B9A1C10
:1049C000FB681A63FB68DB8E9BB2013B9AB2FB6803
:1049D000DA8600237B62FB681B689B6803F0010397
:1049E000012B19D1FB68DB8F9BB2002B14D0FB6825
:1049F0001B68DA68FB689B6B92B21A80FB689B6B42
:104A00009A1CFB689A63FB68DB8F9BB2013B9AB2EE
:104A1000FB68DA8701237B62FEF78EFE02463B6A63
:104A2000D31A3A6B9A420DD83B6BB3F1FF3F09D0D2
:104A3000FB68012283F85120FB68002283F8502094
:104A40000323BCE0FB68DB8E9BB2002BA0D1FB688C
:104A5000DB8F9BB2002B9BD182E0FB685B68002B55
:104A600002D0FB8A012B71D1FB681A6BFB681B68B3
:104A70000C3312781A70FB681B6B5A1CFB681A63A4
:104A8000FB68DB8E9BB2013B9AB2FB68DA865DE085
:104A9000FB681B689B6803F00203022B1CD1FB68B8
:104AA000DB8E9BB2002B17D07B6A012B14D1FB68E5
:104AB0001A6BFB681B680C3312781A70FB681B6B4F
:104AC0005A1CFB681A63FB68DB8E9BB2013B9AB2EF
:104AD000FB68DA8600237B62FB681B689B6803F037
:104AE0000103012B19D1FB68DB8F9BB2002B14D083
:104AF000FB681B68DA68FB689B6BD2B21A70FB68B4
:104B00009B6B5A1CFB689A63FB68DB8F9BB2013B73
:104B10009AB2FB68DA8701237B62FEF70DFE02463C
:104B20003B6AD31A3A6B9A4203D83B6BB3F1FF3F0F
:104B300002D13B6B002B09D1FB68012283F8512085
:104B4000FB68002283F85020032338E0FB68DB8EEB
:104B50009BB2002B9CD1FB68DB8F9BB2002B97D1C3
:104B60003A6A396BF86800F0B7F80346002B08D0B2
:104B7000FB6820225A65FB68002283F8502001233D
:104B80001DE0FB689B68002B0AD100233B61FB689A
:104B90001B68DB683B61FB681B689B683B613B698A
:104BA000FB68012283F85120FB68002283F8502023
:104BB000FB685B6D002B01D0012300E00023184649
:104BC0002837BD4680BD000080B588B000AFF860D2
:104BD000B9603B601346FB71FEF7AEFD0246BB6A4F
:104BE0009B1A3A681344FB61FEF7A6FDB861394B86
:104BF0001B685B011B0DFA6902FB03F37B6154E048
:104C00003B68B3F1FF3F50D0FEF796FD0246BB690B
:104C1000D31AFA699A4202D9FB69002B3DD1FB688D
:104C20001B685A68FB681B6822F0E0025A60FB6848
:104C30005B68B3F5827F11D1FB689B68B3F5004FC9
:104C400004D0FB689B68B3F5806F07D1FB681B68D5
:104C50001A68FB681B6822F040021A60FB689B6AB6
:104C6000B3F5005F0FD1FB681B681A68FB681B680F
:104C700022F400521A60FB681B681A68FB681B6804
:104C800042F400521A60FB68012283F85120FB684D
:104C9000002283F85020032317E07B69002B01D109
:104CA0000023FB617B69013B7B61FB681B689A68A1
:104CB000BB681340BA689A420CBF01230023DBB2E1
:104CC0001A46FB799A429BD1002318462037BD46ED
:104CD00080BD00BF3400002080B586B002AFF86010
:104CE000B9607A607B680093BB6801220221F86892
:104CF000FFF76AFF0346002B07D0FB685B6D43F0AC
:104D00002002FB685A65032313E07B680093BB68AD
:104D100000228021F868FFF757FF0346002B07D0D9
:104D2000FB685B6D43F02002FB685A65032300E0DB
:104D3000002318461037BD4680BD80B582B000AF55
:104D400078607B68002B01D1012341E07B6893F8F8
:104D50003D30DBB2002B06D17B68002283F83C207B
:104D6000786800F039F87B68022283F83D207B6880
:104D70001A687B6804331946104600F09DF97B6879
:104D8000012283F846207B68012283F83E207B685D
:104D9000012283F83F207B68012283F840207B6852
:104DA000012283F841207B68012283F842207B683E
:104DB000012283F843207B68012283F844207B682A
:104DC000012283F845207B68012283F83D200023DF
:104DD00018460837BD4680BD80B483B000AF786008
:104DE00000BF0C37BD4680BC7047000080B485B062
:104DF00000AF78607B6893F83D30DBB2012B01D0C7
:104E000001233AE07B68022283F83D207B681B681F
:104E1000DA687B681B6842F00102DA607B681B6815
:104E2000184A93420ED07B681B68B3F1804F09D0BB
:104E30007B681B68144A934204D07B681B68134A42
:104E4000934211D17B681B689B6803F00703FB60EA
:104E5000FB68062B10D07B681B681A687B681B6890
:104E600042F001021A6007E07B681B681A687B68E1
:104E70001B6842F001021A60002318461437BD4631
:104E800080BC7047002C0140000400400008004036
:104E900080B584B000AF78607B681B68DB68FB601E
:104EA0007B681B681B69BB60BB6803F00203002BB7
:104EB00020D0FB6803F00203002B1BD07B681B682B
:104EC0006FF002021A617B6801221A777B681B6807
:104ED0009B6903F00303002B03D0786800F0D1F83E
:104EE00005E0786800F0C4F8786800F0D3F87B68D3
:104EF00000221A77BB6803F00403002B20D0FB6864
:104F000003F00403002B1BD07B681B686FF00402C6
:104F10001A617B6802221A777B681B689B6903F41D
:104F20004073002B03D0786800F0ABF805E0786898
:104F300000F09EF8786800F0ADF87B6800221A77E0
:104F4000BB6803F00803002B20D0FB6803F00803C4
:104F5000002B1BD07B681B686FF008021A617B680E
:104F600004221A777B681B68DB6903F00303002BBC
:104F700003D0786800F085F805E0786800F078F8EC
:104F8000786800F087F87B6800221A77BB6803F026
:104F90001003002B20D0FB6803F01003002B1BD064
:104FA0007B681B686FF010021A617B6808221A7711
:104FB0007B681B68DB6903F44073002B03D07868BF
:104FC00000F05FF805E0786800F052F8786800F0CB
:104FD00061F87B6800221A77BB6803F00103002B9D
:104FE0000CD0FB6803F00103002B07D07B681B6823
:104FF0006FF001021A617868FDF75CFEBB6803F090
:105000008003002B0CD0FB6803F08003002B07D03B
:105010007B681B686FF080021A61786800F0C3F843
:10502000BB6803F04003002B0CD0FB6803F0400387
:10503000002B07D07B681B686FF040021A6178680C
:1050400000F031F8BB6803F02003002B0CD0FB68A4
:1050500003F02003002B07D07B681B686FF0200251
:105060001A61786800F096F800BF1037BD4680BD21
:1050700080B483B000AF786000BF0C37BD4680BC01
:10508000704780B483B000AF786000BF0C37BD4676
:1050900080BC704780B483B000AF786000BF0C372D
:1050A000BD4680BC704780B483B000AF786000BF5D
:1050B0000C37BD4680BC704780B485B000AF7860C7
:1050C00039607B681B68FB607B682F4A93420BD07A
:1050D0007B68B3F1804F07D07B682C4A934203D0A2
:1050E0007B682B4A934208D1FB6823F07003FB6076
:1050F0003B685B68FA681343FB607B68224A934213
:105100000BD07B68B3F1804F07D07B681F4A934276
:1051100003D07B681E4A934208D1FB6823F4407396
:10512000FB603B68DB68FA681343FB60FB6823F0B5
:1051300080023B685B691343FB607B68FA681A6016
:105140003B689A687B68DA623B681A687B689A6297
:105150007B680D4A934203D13B681A697B681A63E6
:105160007B6801225A617B681B6903F00103002BF5
:1051700005D07B681B6923F001027B681A6100BFC0
:105180001437BD4680BC7047002C0140000400402D
:105190000008004080B483B000AF786000BF0C37D7
:1051A000BD4680BC704780B483B000AF786000BF5C
:1051B0000C37BD4680BC704780B500AF0449054838
:1051C00003F07AFC03461A46034B1A7000BF80BDF9
:1051D00004260020400000200026002080B400AFFC
:1051E00000231846BD4680BC704780B582B000AF32
:1051F0000346FB71FB791846FCF7EAF903461846AB
:105200000837BD4680BD80B582B000AF0346FB7154
:10521000FB791846FCF7C2FA034618460837BD4624
:1052200080BD80B584B000AFB9607A603B60034652
:10523000FB73F87B3B687A68B968FCF7C3FA0346EE
:1052400018461037BD4680BD80B584B000AFB96048
:105250007A603B600346FB73F87B3B687A68B96809
:10526000FCF71AFB034618461037BD4680BD80B5D3
:1052700082B000AF03463A60FB710B46BB71B9794F
:10528000FB793A681846FCF78BFB0346184608374B
:10529000BD4680BD80B584B000AF0346FB71FB798D
:1052A000084A9B0013445B685B68FA7905490A4425
:1052B000127A104698470346FB73FB7B184610375B
:1052C000BD4680BD2826002080B584B000AF0346CF
:1052D000FB710023FB73FB790D4AD35C002B11D1CA
:1052E000FB790B4A0121D154FB79094A9B001344F5
:1052F0005B681B68FA7906490A44127A1046984797
:105300000346FB73FB7B18461037BD4680BD00BFCC
:105310002826002090B587B000AFB9607A603B6066
:105320000346FB73FB7B0A4A9B0013445B689C6843
:10533000FB7B074A1344187A3B687A68B968A04730
:105340000346FB75FB7D18461C37BD4690BD00BF6C
:105350002826002090B587B000AFB9607A603B6026
:105360000346FB73FB7B0A4A9B0013445B68DC68C3
:10537000FB7B074A1344187A3B687A68B968A047F0
:105380000346FB75FB7D18461C37BD4690BD00BF2C
:105390002826002080B584B000AF03463A60FB7138
:1053A0000B46BB71FB79094A9B0013445B681B6980
:1053B000FA7906490A44107AB9793A689847034657
:1053C000FB73FB7B18461037BD4680BD28260020A6
:1053D00080B487B000AFF860B9607A60FB687B6129
:1053E000BB683B6107E03A69531C3B617B69591C10
:1053F000796112781A707B685A1E7A60002BF2D19C
:1054000000BF00BF1C37BD4680BC704780B487B06A
:1054100000AFF860B9607A60FB687B6105E07B698A
:105420005A1C7A61BA68D2B21A707B685A1E7A60C6
:10543000002BF4D100BF00BF1C37BD4680BC7047B5
:1054400080B489B000AFF860B9607A60FB68FB6136
:10545000BB68BB6100237B6100BF7B685A1E7A601A
:10546000002B0DD0FB695A1CFA611B781946BB69E9
:105470005A1CBA611B78CB1A7B617B69002BECD07C
:105480007B6918462437BD4680BC704780B483B022
:1054900000AF7860396002E07B6801337B607B6835
:1054A0001B78002B05D07B681B781A463B6893421B
:1054B000F2D17B681B7818460C37BD4680BC70471C
:1054C00080B582B000AF78607B6803F58053DB68FD
:1054D000184603F02CFB034618460837BD4680BD2E
:1054E00080B582B000AF78600B46FB707B68002B04
:1054F00012D0FB780C2B0FD0FB780B2B0CD0FB7849
:10550000092B09D0FB780F2B06D07B6803F580535D
:10551000DB68184603F020FB00BF0837BD4680BD9E
:1055200080B485B000AF786039600023BB60BB6891
:10553000FB603BE03149FA6813465B0013449B0073
:105540000B441B68002B2CD02C49FA6813465B00D7
:1055500013449B000B441A687B6803F580531B6857
:105560009A4220D12549FA6813465B0013449B00F8
:105570000B4404331A687B6803F580539B689A4296
:1055800011D11E49FA6813465B0013449B000B447B
:1055900008331A887B6803F58053DB889A4202D16E
:1055A00007E00123BB60FB680133FB60FB68012B54
:1055B000C0D9FB68022B09D1BB68002B02D13B6824
:1055C000022B01D1002313E0122311E03B68002BD2
:1055D0000BD10A49FA6813465B0013449B000B4445
:1055E0000A331B88B3F5807F01D1102300E000232C
:1055F00018461437BD4680BC704700BF10260020F7
:1056000080B483B000AF00237B6002E07B6801338D
:105610007B607B68012B09D80A497A6813465B00D6
:1056200013449B000B441B68002BEFD17B68022BBB
:1056300014BF01230023DBB218460C37BD4680BCE3
:10564000704700BF1026002080B485B000AF78609E
:1056500039600023FB602EE05849FA6813465B006E
:1056600013449B000B441A687B6803F580531B6846
:105670009A421DD15149FA6813465B0013449B00BE
:105680000B4404331A687B6803F580539B689A4285
:105690000ED14A49FA6813465B0013449B000B4441
:1056A00008331A887B6803F58053DB889A4206D05A
:1056B000FB680133FB60FB68012BCDD900E000BF24
:1056C000FB68022B48D10023FB6002E0FB6801333A
:1056D000FB60FB68012B09D83849FA6813465B0068
:1056E00013449B000B441B68002BEFD1FB68022B7B
:1056F00001D100235DE07B6803F5805319682F48D2
:10570000FA6813465B0013449B00034419607B68EE
:1057100003F5805399682948FA6813465B001344DF
:105720009B000344043319607B6803F58053D888D9
:105730002249FA6813465B0013449B000B4408336C
:1057400002461A801D49FA6813465B0013449B0009
:105750000B440A3300221A803B68002B0CD01749F7
:10576000FA6813465B0013449B000B440A331B8802
:10577000002B01D000231CE03B68002B0BD10F490C
:10578000FA6813465B0013449B000B440A331B88E2
:10579000013399B201E04FF480710848FA6813466A
:1057A0005B0013449B0003440A330A461A80FB68DB
:1057B000013318461437BD4680BC704710260020C0
:1057C00080B485B000AF78607B68013B7B607B680C
:1057D000012B2ED81B497A6813465B0013449B00AB
:1057E0000B440A331B88FB81FB89B3F5807F01D111
:1057F0000023FB81FB89002B02D0FB89013BFB814D
:1058000010497A6813465B0013449B000B440A332B
:10581000FA891A80FB89002B08D10A497A68134655
:105820005B0013449B000B4400221A6000237B732F
:1058300001E002237B737B7B18461437BD4680BC96
:10584000704700BF1026002080B485B000AF78609C
:105850000023FB6016E01049FA6813465B0013440E
:105860009B000B441B687A689A4208D10A49FA687F
:1058700013465B0013449B000B4400221A60FB6834
:105880000133FB60FB68012BE5D900BF00BF143773
:10589000BD4680BC704700BF1026002080B586B092
:1058A00000AF78600023FB737B6803F580531B799E
:1058B000002B40D07B6803F580531B6B7B617B68BA
:1058C00003F580535878796801237A69FFF742FD20
:1058D0000346002B02D00123FB732CE07B6803F509
:1058E000805300221A717B6803F580535B6A7A69E2
:1058F000D21A7B6803F58053DB699A421BD27B681E
:1059000003F58053DB783B6112E07B6803F580533D
:10591000DB697A6913447B617B6803F580535878AF
:10592000796801237A69FFF715FD3B69013B3B610B
:105930003B69012BE9D8FB7B18461837BD4680BD73
:1059400080B584B000AF786039600023FB737B685A
:1059500003F580531B6B3A689A421ED07868FFF7B4
:105960009DFF0346FB73FB7B002B16D17B6803F581
:1059700080535878796801233A68FFF7CBFC0346D7
:10598000002B04D04FF0FF333B600123FB737B6897
:1059900003F580531A463B681363FB7B18461037A8
:1059A000BD4680BD80B584B000AF78607868FFF7F1
:1059B00075FF0346FB73FB7B002B40F0AD807B68DB
:1059C00003F580531B78032B40F098807B6803F528
:1059D00080535B79012B40F0918078687B6803F5F8
:1059E00080535B891A460021FFF710FD7B68552222
:1059F00083F8FE217B68AA2283F8FF217B6852226C
:105A00001A707B6852225A707B6861229A707B6898
:105A10004122DA707B68722283F8E4217B6872226B
:105A200083F8E5217B68412283F8E6217B686122C7
:105A300083F8E7217B6803F580535B69DAB27B6802
:105A400083F8E8217B6803F580535B699BB21B0AEE
:105A50009BB2DAB27B6883F8E9217B6803F5805357
:105A60005B691B0CDAB27B6883F8EA217B6803F57B
:105A700080535B691B0EDAB27B6883F8EB217B688D
:105A800003F580531B69DAB27B6883F8EC217B68ED
:105A900003F580531B699BB21B0A9BB2DAB27B6889
:105AA00083F8ED217B6803F580531B691B0CDAB288
:105AB0007B6883F8EE217B6803F580531B691B0E1E
:105AC000DAB27B6883F8EF217B6803F580531B6AA9
:105AD00001337A6802F5805213637B6803F58053C3
:105AE000587879687B6803F580531A6B0123FFF7B8
:105AF00031FC7B6803F5805300225A717B6803F503
:105B000080535B78002200211846FFF743FC0346D0
:105B1000002B01D00123FB73FB7B18461037BD46D9
:105B200080BD80B483B000AF786039603B68023BD1
:105B30003B607B6803F580539B69023B3A689A425D
:105B400001D300230CE07B6803F580539B781A4651
:105B50003B6803FB02F27B6803F58053DB6A134466
:105B600018460C37BD4680BC704780B586B000AF84
:105B7000786039603B68012B06D97B6803F5805358
:105B80009B693A689A4202D301237B61E4E04FF0BB
:105B9000FF337B617B6803F580531B78032B00F098
:105BA0009880032B00F3CE80012B02D0022B5ED015
:105BB000C8E03B68FB60FB685B08FA681344FB6065
:105BC0007B6803F580535A6A7B6803F580535B89D1
:105BD0001946FB68B3FBF1F3134419467868FFF7E5
:105BE000AFFE0346002B40F0B080FB685A1CFA6001
:105BF0007A6802F580525289B3FBF2F101FB02F29E
:105C00009B1A7A68D35CBB607B6803F580535A6A41
:105C10007B6803F580535B891946FB68B3FBF1F39E
:105C2000134419467868FFF78BFE0346002B40F0BB
:105C30008E807B6803F580535B891A46FB68B3FB53
:105C4000F2F101FB02F29B1A7A68D35C1B02BA687C
:105C50001343BB603B6803F00103002B02D0BB6819
:105C60001B0902E0BB68C3F30B037B6174E07B6834
:105C700003F580535A6A7B6803F580535B895B08A0
:105C80009BB219463B68B3FBF1F31344194678689D
:105C9000FFF756FE0346002B5BD13B685B007A683A
:105CA00002F580525289B3FBF2F101FB02F29B1A1A
:105CB0007A6813443B613B6901331B781BB21B02BA
:105CC0001AB23B691B781BB213431BB29BB27B61B8
:105CD00042E07B6803F580535A6A7B6803F5805382
:105CE0005B899B089BB219463B68B3FBF1F31344F5
:105CF00019467868FFF724FE0346002B2BD13B683A
:105D00009B007A6802F580525289B3FBF2F101FBE5
:105D100002F29B1A7A6813443B613B6903331B7898
:105D20001A063B6902331B781B041A433B69013393
:105D30001B781B0213433A691278134323F0704314
:105D40007B6109E001237B6106E000BF04E000BF46
:105D500002E000BF00E000BF7B6918461837BD466F
:105D600080BD80B588B000AFF860B9607A60BB686C
:105D7000012B06D9FB6803F580539B69BA689A42E8
:105D800002D30223FB773AE1FB6803F580531B78CB
:105D9000032B00F0D080032B00F32781012B03D0CD
:105DA000022B00F08F8020E1BB687B617B695B0880
:105DB0007A6913447B61FB6803F580535A6AFB6878
:105DC00003F580535B8919467B69B3FBF1F31344F8
:105DD0001946F868FFF7B4FD0346FB77FB7F002BFD
:105DE00040F006817B695A1C7A61FA6802F580529C
:105DF0005289B3FBF2F101FB02F29B1AFA681344D9
:105E0000BB61BB6803F00103002B0DD0BB691B789D
:105E10005BB203F00F035AB27B685BB21B015BB24B
:105E200013435BB2DBB201E07B68DBB2BA6913708B
:105E3000FB6803F5805301221A71FB6803F5805358
:105E40005A6AFB6803F580535B8919467B69B3FB8B
:105E5000F1F313441946F868FFF772FD0346FB7728
:105E6000FB7F002B40F0C680FB6803F580535B8905
:105E70001A467B69B3FBF2F101FB02F29B1AFA6846
:105E80001344BB61BB6803F00103002B03D07B68A4
:105E90001B09DBB20EE0BB691B785BB223F00F037A
:105EA0005AB27B681B0A5BB203F00F035BB2134369
:105EB0005BB2DBB2BA691370FB6803F58053012251
:105EC0001A719CE0FB6803F580535A6AFB6803F57E
:105ED00080535B895B089BB21946BB68B3FBF1F347
:105EE00013441946F868FFF72BFD0346FB77FB7F49
:105EF000002B40F08180BB685B00FA6802F580529D
:105F00005289B3FBF2F101FB02F29B1AFA681344C7
:105F1000BB617B68DAB2BB691A707B689BB21B0AF3
:105F20009AB2BB690133D2B21A70FB6803F5805391
:105F300001221A7163E0FB6803F580535A6AFB681B
:105F400003F580535B899B089BB21946BB68B3FB82
:105F5000F1F313441946F868FFF7F2FC0346FB77A8
:105F6000FB7F002B4AD1BB689B00FA6802F5805288
:105F70005289B3FBF2F101FB02F29B1AFA68134457
:105F8000BB61BB6903331B781A06BB6902331B78FC
:105F90001B041A43BB6901331B781B021343BA6904
:105FA0001278134303F070437A6813437B607B6875
:105FB000DAB2BB691A707B689BB21B0A9AB2BB69E2
:105FC0000133D2B21A707B681A0CBB690233D2B2A9
:105FD0001A707B681A0EBB690333D2B21A70FB6861
:105FE00003F5805301221A7109E00223FB7706E0D2
:105FF00000BF04E000BF02E000BF00E000BFFB7F85
:1060000018462037BD4680BD80B584B000AF7860AB
:1060100039603B68012B06D97B6803F580539B6987
:106020003A689A4202D30223FB7349E00023FB73D0
:106030003BE039687868FFF798FDB860BB68002BD3
:106040003BD0BB68012B02D10223FB7338E0BB6855
:10605000B3F1FF3F02D10123FB7331E00022396825
:106060007868FFF77EFE0346FB73FB7B002B26D18F
:106070007B6803F580535B69B3F1FF3F13D07B6806
:1060800003F580535B6901337A6802F580525361EE
:106090007B6803F580535B7943F00103DAB27B68D8
:1060A00003F580535A71BB683B607B6803F58053EE
:1060B0009B693A689A42BCD302E000BF00E000BF8F
:1060C000FB7B18461037BD4680BD80B586B000AF5B
:1060D000786039603B68002B11D17B6803F58053F1
:1060E0001B693B613B69002B06D07B6803F580533D
:1060F0009B693A699A421DD301233B611AE03968D2
:106100007868FFF732FDB860BB68012B01D8012326
:106110007FE0BB68B3F1FF3F01D1BB6879E07B68EA
:1061200003F580539B69BA689A4201D2BB6870E05C
:106130003B683B613B697B617B6901337B617B68C9
:1061400003F580539B697A699A4207D302237B61E6
:106150007A693B699A4201D900235AE079697868E3
:10616000FFF703FDB860BB68002B0ED0BB68B3F12E
:10617000FF3F02D0BB68012B01D1BB6849E07A69BF
:106180003B699A42D8D1002343E000BF6FF07042D0
:1061900079697868FFF7E5FD0346FB73FB7B002B0D
:1061A00009D13B68002B06D07A6939687868FFF717
:1061B000D8FD0346FB73FB7B002B21D17B6803F5E5
:1061C00080531A467B6913617B6803F580535B69D2
:1061D000B3F1FF3F1CD07B6803F580535B69013B43
:1061E0007A6802F5805253617B6803F580535B79CE
:1061F00043F00103DAB27B6803F580535A7107E07C
:10620000FB7B012B02D14FF0FF3300E001237B61C8
:106210007B6918461837BD4680BD80B487B000AF93
:10622000786039607B6803F580535B6A04333B61B7
:106230007B6803F580531B6803F580535B891A461E
:106240003B68B3FBF2F37A6802F58052126802F5FC
:1062500080529278B3FBF2F37B613B691A1D3A617D
:106260001B68FB60FB68002B01D1002310E07A69FA
:10627000FB689A4207D37A69FB68D31A7B613B6952
:1062800004333B61E9E700BF3B691A687B6913444B
:1062900018461C37BD4680BC704780B586B000AF3D
:1062A000786039603B689AB27B6803F58053DA8086
:1062B0007B6803F580539B687B617B69012B09D068
:1062C0007B6803F580531B6803F580539B697A69EB
:1062D0009A4201D30223AAE07B69002B10D17B688C
:1062E00003F580531B6803F580531B78032B07D1FC
:1062F0007B6803F580531B6803F580539B6A7B61C1
:106300007B69002B15D17B6803F580531B6803F56F
:1063100080531B891A463B68934201D3022386E0CF
:106320007B6803F580531B6803F580539B6A3B61D0
:1063300043E07B6803F580531B6803F580535B895A
:106340005B099BB21A467B6803F580531B6803F513
:1063500080539B7802FB03F3FB6021E07B6803F52D
:1063600080531B6879691846FFF7FFFB78617B69EA
:10637000B3F1FF3F01D1012359E07B69012B09D91A
:106380007B6803F580531B6803F580539B697A692A
:106390009A4201D302234AE03A68FB68D31A3B6071
:1063A0003A68FB689A42D9D27B6803F580531B6830
:1063B00079691846FFF7B5FB38617B6803F58053B0
:1063C0001A467B69D3603B69002B01D102232EE082
:1063D0007B6803F580531B6803F580535B895B0979
:1063E0009BB21A463B68B3FBF2F23B6913447A68EE
:1063F00002F5805213617B6803F580531B681846D1
:106400007B6803F580531B6803F580535B895B0948
:106410009BB21A463B68B3FBF2F101FB02F29B1AF6
:106420005B0103447A6802F58052536100231846E9
:106430001837BD4680BD90B587B000AF7860396031
:106440007B6803F58053DB880133FB60FB689BB2FC
:10645000002B05D07B6803F580531B69002B01D10D
:1064600004232EE17B6803F580531B6803F58053FA
:106470005B895B099BB21A46FB68B3FBF2F101FB37
:1064800002F29B1A002B40F0FA807B6803F58053E0
:106490001B6901337A6802F5805213617B6803F54A
:1064A0008053DB68002B0DD17B6803F580531B689C
:1064B00003F580531B891A46FB689342C0F0DF80C6
:1064C0000423FEE07B6803F580531B6803F58053CB
:1064D0005B895B099BB21A46FB68B3FBF2F37A68EF
:1064E00002F58052126802F580529278013A134008
:1064F000002B40F0C4807B6803F580531A687B68EA
:1065000003F58053DB6819461046FFF72EFB7861D0
:106510007B69012B01D80223D3E07B69B3F1FF3FF4
:1065200001D10123CDE07B6803F580531B6803F59F
:1065300080539B697A699A42C0F08E803B68002B39
:1065400001D10423BDE07B6803F580531A687B68A2
:1065500003F58053DB6819461046FFF7B6FD7861F6
:106560007B69002B01D10723ABE07B69012B01D1B3
:106570000223A6E07B69B3F1FF3F01D10123A0E034
:106580007B6803F580531B681846FFF787F90346BD
:10659000002B01D0012394E07B6803F580531B6836
:1065A00018467B6803F580531B6803F580535B89AD
:1065B0001A460021FEF72AFF7B6803F580531A680C
:1065C0007B6803F580531C6879691046FFF7A9FAC8
:1065D000034604F58052136300233B6121E07B688E
:1065E00003F580531B6803F5805301221A717B6801
:1065F00003F580531B681846FFF750F90346002B3C
:1066000001D001235DE07B6803F580531B6803F52F
:106610008052126B013203F580531A633B690133D8
:106620003B617B6803F580531B6803F580539B78BF
:106630001A463B699342D2D37B6803F580531B68AB
:1066400003F58053196B7B6803F580531A683B6927
:10665000CB1A02F5805213637B6803F580531A4608
:106660007B69D3607B6803F580531B6879691846A2
:10667000FFF757FA02467B6803F580531A61FB68FF
:106680009AB27B6803F58053DA807B6803F5805308
:106690001B6818467B6803F580531B6803F580531D
:1066A0005B895B099BB21A46FB68B3FBF2F101FB05
:1066B00002F29B1A5B0103447A6802F5805253612F
:1066C000002318461C37BD4690BD80B584B000AF8E
:1066D0007860396000217868FFF7DFFD0346FB73BF
:1066E000FB7B002B35D10023BB607B6803F5805317
:1066F0001A687B6803F580531B6919461046FFF73B
:106700001FF90346FB73FB7B002B21D17B6803F54C
:1067100080535B691B78E52B06D07B6803F58053BB
:106720005B691B78002B07D1BB680133BB60BA687B
:106730003B689A4202D10CE00023BB6001217868DB
:10674000FFF779FE0346FB73FB7B002BCDD000E007
:1067500000BFFB7B042B01D10723FB73FB7B184697
:106760001037BD4680BD80B485B000AF7860396019
:106770003B681B331B781BB21B021AB23B681A33EF
:106780001B781BB213431BB29BB2FB607B6803F503
:1067900080531B78032B10D13B6815331B781BB239
:1067A0001B021AB23B6814331B781BB213431BB293
:1067B0009BB21B04FA681343FB60FB68184614374E
:1067C000BD4680BC704780B483B000AF786039604C
:1067D0007B681A333A68D2B21A703B689BB21B0AC4
:1067E0009AB27B681B33D2B21A703B681A0C7B6872
:1067F0001433D2B21A703B681B0C9BB21B0A9AB2BC
:106800007B681533D2B21A7000BF0C37BD4680BC0E
:10681000704780B586B000AF786000217868FFF7D8
:106820003CFD0346FB75FB7D002B01D0FB7D3FE06B
:106830007B6803F580531A687B6803F580531B69F6
:1068400019461046FFF77CF80346FB75FB7D002BCD
:106850002AD17B6803F580535B693B613B691B78F8
:10686000FB73FB7B002B02D10423FB751FE03B690C
:106870000B331B7803F00803002B0BD17B6803F567
:1068800080539B690B2219463869FEF7D9FD0346F0
:10689000002B0BD000217868FFF7CDFD0346FB7578
:1068A000FB7D002BC4D002E000BF00E000BFFB7DF9
:1068B00018461837BD4680BD80B584B000AF7860FB
:1068C00001217868FFF701FF0346FB73FB7B002B78
:1068D0002DD17B6803F580531A687B6803F58053DC
:1068E0001B6919461046FFF72BF80346FB73FB7B29
:1068F000002B1CD17B6803F580535B6920220021AB
:106900001846FEF783FD7B6803F5805358697B6862
:1069100003F580539B690B221946FEF759FD7B68EE
:1069200003F580531B6803F5805301221A71FB7B2A
:1069300018461037BD4680BD80B588B000AF78607E
:1069400039603B681B68FB6002E0FB680133FB6059
:10695000FB681B782F2BF8D0FB681B785C2BF4D0DE
:106960007B6803F580539B69BB600B222021B868CC
:10697000FEF74CFD0023FB7700233B613B697B6105
:106980000823BB617B695A1C7A61FA6813441B783F
:10699000BB77BB7F202B53D9BB7F2F2B50D0BB7F26
:1069A0005C2B4DD0BB7F2E2B03D03A69BB699A423A
:1069B0000FD3BB69082B02D1BB7F2E2B01D006233E
:1069C00073E008233B610B23BB61FB7F9B00FB77DC
:1069D00035E097F91E30002B08DAFB7F43F0030304
:1069E000FB77BB7F803B334AD35CBB77BB7F1946C9
:1069F0003148FEF74BFD0346002B01D0062354E03F
:106A0000BB7F402B07D9BB7F5A2B04D8FB7F43F0B9
:106A10000203FB770CE0BB7F602B09D9BB7F7A2B8D
:106A200006D8FB7F43F00103FB77BB7F203BBB779E
:106A30003B695A1C3A61BA681344BA7F1A70A1E7DD
:106A4000FA687B691A443B681A60BB7F202B01D827
:106A5000042300E00023BB773B69002B01D1062310
:106A600023E0BB681B78E52B02D1BB6805221A70B6
:106A7000BB69082B02D1FB7F9B00FB77FB7F03F0F8
:106A80000303012B03D1BB7F43F01003BB77FB7FD4
:106A900003F00C03042B03D1BB7F43F00803BB7747
:106AA000BB680B33BA7F1A70002318462037BD46E7
:106AB00080BD00BFECE7000874E7000880B584B033
:106AC00000AF786039603B681B782F2B03D03B68A0
:106AD0001B785C2B02D13B6801333B607B6803F57C
:106AE00080531A46002393603B681B781F2B0CD8F9
:106AF00000217868FFF7D1FB0346FB737B6803F541
:106B000080531A460023536149E03B461946786892
:106B1000FFF712FF0346FB73FB7B002B3AD178682B
:106B2000FFF777FE0346FB737B6803F580539B6991
:106B3000DB7ABB73FB7B002B0AD0FB7B042B2BD1B6
:106B4000BB7B03F00403002B26D10523FB7323E05A
:106B5000BB7B03F00403002B20D17B6803F580533B
:106B60005B69BB60BB680B331B7803F01003002B21
:106B700002D10523FB7312E07B6803F580531B6889
:106B8000B9681846FFF7EFFD02467B6803F58053AE
:106B90009A60BAE700BF02E000BF00E000BFFB7BE5
:106BA00018461037BD4680BD80B487B000AF78600E
:106BB0004FF0FF333B617B681B68002B31D07B6853
:106BC0001B687B6102E07B6901337B617B691B7819
:106BD000202B03D97B691B783A2BF4D17B691B7876
:106BE0003A2B1CD17B681B68FB60FB685A1CFA605F
:106BF0001B78303BBB60BB68092B0ED8FA687B69F9
:106C00009A420AD1BB68002B07D1BB683B617B6904
:106C100001337B617B687A691A603B6902E000237B
:106C20003B613B6918461C37BD4680BC704700007D
:106C300080B582B000AF786039607B6803F580531F
:106C400000221A717B6803F580531A464FF0FF3318
:106C5000136339687868FEF773FE0346002B01D092
:106C600003234BE07B6803F5FF7301331B781BB2F2
:106C70001B021AB27B6893F8FE311BB213431BB29E
:106C8000204A934201D0022338E07B683633033335
:106C90001B781A067B68363302331B781B041A43B1
:106CA0007B68363301331B781B0213437A6892F8F2
:106CB0003620134323F07F43134A934201D100232C
:106CC0001CE07B68523303331B781A067B6852330F
:106CD00002331B781B041A437B68523301331B7841
:106CE0001B0213437A6892F85220134323F07F4328
:106CF000054A934201D1002300E0012318460837DA
:106D0000BD4680BD55AAFFFF4641540080B596B0F0
:106D100000AFF860B9601346FB71FB6800221A608F
:106D2000B868FFF741FFF863FB6B002B01DA0B2318
:106D300020E39D4AFB6B52F82330BB63BB6B002BF7
:106D400001D10C2316E3B86BFEF7BAFB0346002B08
:106D500001D10F230EE3FB68BA6B1A60BB6B03F51E
:106D600080531B78002B1CD0BB6B03F580535B78E2
:106D70001846FEF78FFA034687F8373097F8373012
:106D800003F00103002B0CD1FB79002B07D097F8FF
:106D9000373003F00403002B01D00A23EAE200237A
:106DA000E8E2BB6B03F5805300221A70FB6BDAB28A
:106DB000BB6B03F580535A70BB6B03F580535B7854
:106DC0001846FEF781FA034687F8373097F83730D0
:106DD00003F00103002B01D00323CBE2FB79002B4E
:106DE00007D097F8373003F00403002B01D00A23B3
:106DF000C0E2BB6B03F580535878BB6B03F580533F
:106E00000A331A460221FEF7C5FA0346002B0DD1BC
:106E1000BB6B03F580535B89B3F5007F06D3BB6B77
:106E200003F580535B89B3F5805F01D90123A1E2AB
:106E300000233B65396DB86BFFF7FAFE034687F810
:106E4000573097F85730012B53D100233B6428E08B
:106E5000BA6B3B6C1B0103F5DF7313443B633B6B65
:106E600004331B78002B12D03B6B0B331B781A06B4
:106E70003B6B0A331B781B041A433B6B09331B78AB
:106E80001B0213433A6B083212781A4300E00022C7
:106E90003B6C9B0058333B4443F8442C3B6C013320
:106EA0003B643B6C032BD3D900233B643B6C002B2E
:106EB00002D03B6C013B3B643B6C9B0058333B4432
:106EC00053F8443C3B653B6D002B05D0396DB86BE6
:106ED000FFF7AEFE034600E0022387F8573097F82D
:106EE0005730002B05D03B6C01333B643B6C032BCC
:106EF000E2D997F85730032B01D101233AE297F8F2
:106F00005730002B01D00D2334E2BB6B1B7B1BB22F
:106F10001B021AB2BB6BDB7A1BB213431AB2BB6BF8
:106F200003F580535B891BB29A4201D00D2321E205
:106F3000BB6BDB7D1BB21B021AB2BB6B9B7D1BB212
:106F400013431BB29BB2FB64FB6C002B12D1BB6BD7
:106F500093F827301A06BB6B93F826301B041A43AC
:106F6000BB6B93F825301B021343BA6B92F82420B5
:106F70001343FB64BB6B03F580531A46FB6CD36170
:106F8000BB6B1A7CBB6B03F58053DA70BB6B03F5EC
:106F90008053DB78012B09D0BB6B03F58053DB7882
:106FA000022B03D00D23E5E108260020BB6B03F57F
:106FB0008053DB781A46FB6C02FB03F3FB64BB6B6C
:106FC0005A7BBB6B03F580539A70BB6B03F5805300
:106FD0009B78002B0CD0BB6B03F580539B781A4633
:106FE000BB6B03F580539B78013B1340002B01D012
:106FF0000D23BFE1BB6B9B7C1BB21B021AB2BB6BA8
:107000005B7C1BB213431BB29AB2BB6B03F580537C
:107010001A81BB6B03F580531B89BA6B02F5805252
:107020005289520992B2B3FBF2F101FB02F29B1AB0
:107030009BB2002B01D00D239CE1BB6B1B7D1BB2CF
:107040001B021AB2BB6BDB7C1BB213431BB29BB29D
:10705000BB64BB6C002B12D1BB6B93F823301A06B8
:10706000BB6B93F822301B041A43BB6B93F821309F
:107070001B021343BA6B92F820201343BB64BB6B13
:10708000DB7B1BB21B021AB2BB6B9B7B1BB2134395
:107090001BB2FB85FB8D002B01D10D236AE1FA8D1C
:1070A000FB6C1344BA6B02F580521189BA6B02F57E
:1070B00080525289520992B2B1FBF2F292B2134459
:1070C000BB62BA6CBB6A9A4201D20D2352E1BA6C20
:1070D000BB6AD31ABA6B02F580529278B3FBF2F313
:1070E0007B627B6A002B01D10D2343E1012387F8EA
:1070F00057307B6A40F6F572934202D9022387F833
:1071000057307B6A4FF6F572934202D9032387F812
:1071100057307B6A0233BA6B02F580529361BB6BC6
:1071200003F580531A463B6D1362FA8D3B6D134491
:10713000BA6B02F5805253623A6DBB6A1344BA6B64
:1071400002F58052D36297F85730032B24D1BB6BE2
:1071500003F580531B89002B01D00D230AE1BB6B83
:1071600093F82F301A06BB6B93F82E301B041A438A
:10717000BB6B93F82D301B021343BA6B92F82C2093
:107180001343BA6B02F580529362BB6B03F58053D5
:107190009B699B007B642BE0BB6B03F580531B89D1
:1071A000002B01D10D23E5E0BB6B03F580535A6A38
:1071B000FB6C1344BA6B02F58052936297F8573018
:1071C000022B05D1BB6B03F580539B695B000EE07E
:1071D000BB6B03F580539A6913465B0013445A084E
:1071E000BB6B03F580539B6903F0010313447B647D
:1071F000BB6B03F58053DA69BB6B03F580535B8986
:1072000019467B6C0B44013BB96B01F580514989F0
:10721000B3FBF1F39A4201D20D23ABE0BB6B03F554
:1072200080531A464FF0FF335361BB6B03F5805315
:107230005B69BA6B02F580521361BB6B03F5805337
:1072400080225A7197F85730032B7CD1BB6B93F88F
:1072500031301BB21B021AB2BB6B93F830301BB239
:1072600013431BB2012B6ED13B6D01331946B86B32
:10727000FEF766FB0346002B65D1BB6B03F580531D
:1072800000225A71BB6B93F8FF311BB21B021AB27A
:10729000BB6B93F8FE311BB213431BB2374A9342C8
:1072A00051D1BB6BDB781A06BB6B9B781B041A436E
:1072B000BB6B5B781B021343BA6B12781343304AE3
:1072C000934240D1BB6B93F8E7311A06BB6B93F83E
:1072D000E6311B041A43BB6B93F8E5311B021343E1
:1072E000BA6B92F8E4211343264A93422BD1BB6B2D
:1072F00093F8EB311A06BB6B93F8EA311B041A437F
:10730000BB6B93F8E9311B021343BA6B92F8E82187
:107310001343BA6B02F580525361BB6B93F8EF31A4
:107320001A06BB6B93F8EE311B041A43BB6B93F840
:10733000ED311B021343BA6B92F8EC211343BA6B85
:1073400002F580521361BB6B03F580531A4697F820
:10735000573013700C4B1B8801339AB20A4B1A80BA
:10736000094B1A88BB6B03F58053DA80B86BFEF7C4
:107370006BFA002318465837BD4680BD55AAFFFF5B
:1073800052526141727241610C26002080B584B076
:1073900000AF78607B68FB60FB68002B2AD0FB683D
:1073A00003F580531B68002B24D0FB6803F5805342
:1073B0001B6803F580531B78002B1BD0FB6803F57B
:1073C00080531B6803F58053DA88FB6803F580530C
:1073D0009B889A420ED1FB6803F580531B6803F526
:1073E00080535B781846FDF755FF034603F0010311
:1073F000002B01D009230CE0FB6803F580531B68C8
:107400001846FEF75DF80346002B01D10F2300E07C
:10741000002318461037BD4680BD000080B588B0F7
:1074200000AFF860B9601346FB71BB683B6107F1C0
:1074300010031846FFF7B8FBF861FB69002B01DA6F
:107440000B2350E02A4AFB6952F82330BB61BB6929
:10745000002B13D0B869FEF7F7F9BB6903F5805329
:10746000DB68184601F057FB0346002B01D10223CD
:1074700039E0BB6903F5805300221A70FB68002BCA
:1074800013D0FB6803F5805300221A70FB69DAB24F
:10749000FB6803F580530C331946104601F01BFBC3
:1074A0000346002B01D102231DE0FA681049FB6955
:1074B00041F82320FB68002B02D0FB79012B01D07F
:1074C000002310E007F1080107F10C030022184621
:1074D000FFF71CFC0346FB75FB68FA7D1146184656
:1074E000FDF7FEFFFB7D18462037BD4680BD00BF7F
:1074F0000826002080B5ADF5825D84B000AF07F1AD
:10750000500343F8440C07F1500343F8481C07F1BB
:10751000500303F8492C07F1500353F8443C002B67
:1075200001D10923EFE207F1500353F8443C03F57E
:1075300080531A460023136007F150031A4607F1DF
:10754000500313F8493C03F01F0302F8493C07F1CC
:10755000500313F8493C23F00103DAB207F110019C
:10756000083907F13003103B03F580531846FFF745
:10757000CDFB034607F5825202F10F02137007F5A7
:10758000825303F10F031B78002B40F0AA8207F10E
:1075900050031A4607F130031C3BC2F8E83F07F1DD
:1075A000500353F8482C07F13003103B114618469E
:1075B000FFF784FA034607F5825202F10F021370B7
:1075C00007F15003D3F8E43F07F5825202F10802B5
:1075D000136007F5825303F10F031B78002B24D1AE
:1075E00007F5825303F108031B68002B06D106231D
:1075F00007F5825202F10F02137016E007F15003F3
:1076000013F8493C012B8CBF01230023DBB21A463F
:1076100007F13003103B11461846FDF781FF034682
:1076200007F5825202F10F02137007F1500313F8AD
:10763000493C03F01C03002B00F0348107F5825312
:1076400003F10F031B78002B2ED007F5825303F1B3
:107650000F031B78042B12D1FDF7D2FF0346002B3A
:1076600007D007F13003103B1846FFF725F9034612
:1076700000E0122307F5825202F10F02137007F1A6
:1076800050031A4607F1500313F8493C43F008032E
:1076900002F8493C07F15003D3F8E43F07F5825262
:1076A00002F1080213601FE007F5825303F108039B
:1076B0001B680B331B7803F01103002B06D0072344
:1076C00007F5825202F10F0213700DE007F150032B
:1076D00013F8493C03F00403002B05D0082307F5F9
:1076E000825202F10F02137007F5825303F10F0368
:1076F0001B78002B40F0088107F1500313F8493C38
:1077000003F00803002B00F0FF80FDF767FD07F58D
:10771000825303F10403186007F5825303F1080351
:107720001B680E3307F5825202F104021268D2B2CE
:107730001A7007F5825303F104031B689BB21B0AFE
:107740009AB207F5825303F108031B680F33D2B2D4
:107750001A7007F5825303F104031B681A0C07F52E
:10776000825303F108031B681033D2B21A7007F575
:10777000825303F104031B681A0E07F5825303F1C9
:1077800008031B681133D2B21A7007F5825303F154
:1077900008031B680B3300221A7007F5825303F1AC
:1077A00008031B681C3300221A7007F5825303F18B
:1077B00008031B681D3300221A7007F5825303F17A
:1077C00008031B681E3300221A7007F5825303F169
:1077D00008031B681F3300221A7007F15003D3F807
:1077E000D03F07F5825202F1080211681846FEF7F1
:1077F000BAFF07F582531860002107F5825303F1A1
:1078000008031868FEF7DFFF07F15003D3F8D03FF5
:1078100003F5805301221A7107F582531B68002B70
:1078200072D007F15003D3F8D03F03F580531B6BA0
:1078300007F5825202F10402136007F15003D3F8F6
:10784000D03F07F5825211681846FEF7DDFB03466C
:1078500007F5825202F10F02137007F5825303F10C
:107860000F031B78002B4FD107F15003D3F8D02F13
:1078700007F582531B68013B02F58052136107F143
:107880005003D3F8D03F07F5825202F10402116889
:107890001846FEF755F8034607F5825202F10F022B
:1078A000137031E007F5825303F10F031B78002BAF
:1078B0002AD107F5825303F108031B680B331B78A9
:1078C00003F01003002B06D0042307F5825202F1C7
:1078D0000F02137018E007F1500313F8493C03F04E
:1078E0000203002B10D007F5825303F108031B6835
:1078F0000B331B7803F00103002B05D0072307F59A
:10790000825202F10F02137007F5825303F10F0345
:107910001B78002B55D107F1500313F8493C03F0B5
:107920000803002B0AD007F150031A4607F1500351
:1079300013F8493C43F0200302F8493C07F1500397
:10794000D3F8D03F03F580531B6B07F1500252F878
:10795000442C02F58052D36107F1500353F8443CA4
:1079600003F580531A4607F5825303F108031B6899
:10797000136207F1500313F8493C012B8CBF01231C
:107980000023DBB21A4607F13003103B11461846BC
:10799000FDF75AFE024607F1500353F8443C03F545
:1079A00080539A6207F1500353F8443C03F5805327
:1079B0009B6A002B05D1022307F5825202F10F02C8
:1079C000137007F5825303F10F031B78002B40F06F
:1079D000888007F1500353F8443C03F580531A465E
:1079E00007F1500313F8493C937107F1500353F822
:1079F000443C03F580530022DA7107F15003D3F8B9
:107A0000D03F07F5825202F1080211681846FEF7CE
:107A1000AAFE024607F1500353F8443C03F5805395
:107A20001A6107F5825303F108031B681F331B78A3
:107A30001A0607F5825303F108031B681E331B78EF
:107A40001B041A4307F5825303F108031B681D3317
:107A50001B781B02134307F5825202F108021268D9
:107A60001C321278134307F1500252F8442C02F5ED
:107A70008052D36007F1500353F8443C03F5805320
:107A80001A460023936007F1500353F8443C03F572
:107A900080531A460023936107F1500353F8443C86
:107AA00003F580531A460023536207F15003D3F8BD
:107AB000D03F07F1500252F8442C02F58052136077
:107AC00007F1500353F8443C03F580531B6803F55A
:107AD0008053DA8807F1500353F8443C03F5805390
:107AE0009A8007F15003D3F8D03F07F5825202F194
:107AF0000F02127811461846FDF7F2FC07F5825383
:107B000003F10F031B78184607F582571037BD465F
:107B100080BD80B58AB000AFF860B9607A603B6024
:107B2000BB68BB613B6800221A60F868FFF72EFC57
:107B30000346FB75FB7D002B0AD0FB6803F58053E1
:107B40001B68FA7D11461846FDF7CAFCFB7D6AE208
:107B5000FB6803F58053DB79002B10D0FB6803F53D
:107B600080531A68FB6803F58053DB791946104689
:107B7000FDF7B6FCFB6803F58053DB7953E2FB6845
:107B800003F580539B7903F00203002B09D1FB68B6
:107B900003F580531B6807211846FDF7A1FC072356
:107BA00041E2FB6803F580539A687B681A44FB68DE
:107BB00003F580539B689A4280F0098200237B6022
:107BC00005E2FB6803F580539B68FA6802F5805272
:107BD000126802F580525289B3FBF2F101FB02F206
:107BE0009B1A002B40F09981FB6803F580539B683A
:107BF000FA6802F58052126802F580525289B3FB8E
:107C0000F2F3DAB2FB6803F580531B6803F5805387
:107C10009B78013BDBB21340BB75BB7D002B6FD162
:107C2000FB6803F580539B68002B11D1FB6803F5BB
:107C300080531B697B627B6A002B26D1FB6803F5AE
:107C400080531B6800211846FEF73FFA78621CE05B
:107C5000FB6803F580535B6A002B09D0FB6803F5D2
:107C600080539B681946F868FEF7D7FA78620CE0F3
:107C7000FB6803F580531A68FB6803F580535B6962
:107C800019461046FEF721FA78627B6A002B00F055
:107C9000A3817B6A012B0ED1FB6803F5805302227E
:107CA000DA71FB6803F580531B6802211846FDF763
:107CB00017FC0223B7E17B6AB3F1FF3F0ED1FB68EB
:107CC00003F580530122DA71FB6803F580531B68CA
:107CD00001211846FDF704FC0123A4E1FB6803F52C
:107CE00080531A467B6A5361FB6803F580531B6916
:107CF000002B05D1FB6803F580531A467B6A13619C
:107D0000FB6803F580539B7903F04003002B2BD0D5
:107D1000FB6803F580531B6803F580535878F968B6
:107D2000FB6803F580539A690123FDF713FB0346B3
:107D3000002B0ED0FB6803F580530122DA71FB683B
:107D400003F580531B6801211846FDF7C9FB012389
:107D500069E1FB6803F580539B7923F04003DAB2B5
:107D6000FB6803F580539A71FB6803F580531A682A
:107D7000FB6803F580535B6919461046FDF7D1FE99
:107D800038613B69002B0ED1FB6803F5805302225A
:107D9000DA71FB6803F580531B6802211846FDF772
:107DA0009FFB02233FE1BB7D3A6913443B61FB68C3
:107DB00003F580531B6803F580535B891A467B6883
:107DC000B3FBF2F3FB61FB69002B71D0BA7DFB6959
:107DD0001344FA6802F58052126802F580529278D4
:107DE00093420AD9FB6803F580531B6803F580535F
:107DF0009B781A46BB7DD31AFB61FB6803F5805361
:107E00001B6803F580535878FB693A69B969FDF737
:107E1000A1FA0346002B0ED0FB6803F58053012224
:107E2000DA71FB6803F580531B6801211846FDF7E2
:107E300057FB0123F7E0FB6803F580539A693B6920
:107E4000D31AFA699A4226D9F868FB6803F5805379
:107E50009A693B69D31AFA6802F58052126802F5F2
:107E60008052528902FB03F3BA69D118FB6803F50B
:107E700080531B6803F580535B891A46FDF7A8FA07
:107E8000FB6803F580539B7923F04003DAB2FB686B
:107E900003F580539A71FB6803F580531B6803F563
:107EA00080535B891A46FB6902FB03F33B6276E071
:107EB000FB6803F580539B693A699A4227D0FB68B7
:107EC00003F580539A68FB6803F58053DB689A4298
:107ED0001DD2FB6803F580531B6803F58053587867
:107EE000F96801233A69FDF715FA0346002B0ED015
:107EF000FB6803F580530122DA71FB6803F58053B8
:107F00001B6801211846FDF7EBFA01238BE0FB68A3
:107F100003F580531A463B699361FB6803F5805370
:107F20001B6803F580535B891846FB6803F5805393
:107F30009B68FA6802F58052126802F580525289F5
:107F4000B3FBF2F101FB02F29B1AC31A3B623A6ADD
:107F50007B689A4201D97B683B62FB6803F58053DA
:107F60009B68FA6802F58052126802F580525289C5
:107F7000B3FBF2F101FB02F29B1AFA6813443A6A6E
:107F8000B9691846FDF724FAFB6803F580539B791D
:107F900043F04003DAB2FB6803F580539A71BA6983
:107FA0003B6A1344BB61FB6803F580539A683B6AE4
:107FB0001344FA6802F5805293603B681A683B6A82
:107FC0001A443B681A607A683B6AD31A7B607B6804
:107FD000002B7FF4F6AD00E000BFFB6803F5805393
:107FE0009A68FB6803F58053DB689A4207D9FB68FF
:107FF00003F580539B68FA6802F58052D360FB68F2
:1080000003F580539B7943F02003DAB2FB6803F554
:1080100080539A71FB6803F580531B680021184652
:10802000FDF75EFA002318462837BD4680BD80B5AF
:1080300086B000AF78607868FFF7A8F90346FB7553
:10804000FB7D002B40F0C4807B6803F580539B7957
:1080500003F02003002B00F0BB807B6803F5805306
:108060009B7903F04003002B26D07B6803F58053F7
:108070001B6803F58053587879687B6803F5805353
:108080009A690123FDF766F90346002B09D07B6846
:1080900003F580531B6801211846FDF721FA0123DF
:1080A000A0E07B6803F580539B7923F04003DAB2AC
:1080B0007B6803F580539A717B6803F580531A68D7
:1080C0007B6803F58053DB6919461046FDF738FCE1
:1080D0000346FB75FB7D002B7AD17B6803F580534B
:1080E0001B6A3B613B690B331A783B690B3342F0E7
:1080F0002002D2B21A707B6803F58053DA683B69BC
:108100001C33D2B21A707B6803F58053DB689BB2D4
:108110001B0A9AB23B691D33D2B21A707B6803F511
:108120008053DB681A0C3B691E33D2B21A707B682D
:1081300003F58053DB681A0E3B691F33D2B21A7005
:108140007B6803F580531B6919463869FEF73BFBD2
:10815000FDF744F8F8603B691633FA68D2B21A703A
:10816000FB689BB21B0A9AB23B691733D2B21A70F2
:10817000FB681A0C3B691833D2B21A70FB681A0EEE
:108180003B691933D2B21A703B69123300221A705C
:108190003B69133300221A707B6803F580539B7987
:1081A00023F02003DAB27B6803F580539A717B6871
:1081B00003F580531B6803F5805301221A717B6815
:1081C00003F580531B681846FDF7ECFB0346FB756F
:1081D0007B6803F580531B68FA7D11461846FDF74E
:1081E0007FF9FB7D18461837BD4680BD80B584B049
:1081F00000AF78607868FFF71AFF0346FB73FB7BDC
:10820000002B22D17868FFF7C1F80346FB73FB7B94
:10821000002B1AD17B6803F580531B68BB607B6819
:1082200003F580539B6A1846FDF7CAFA0346FB73B1
:10823000FB7B002B05D17B6803F580531A46002396
:1082400013600021B868FDF74BF9FB7B1846103727
:10825000BD4680BD80B590B000AF78603960786869
:10826000FFF794F8034687F83F3097F83F30002B2C
:108270000CD07B6803F580531B6897F83F201146AC
:108280001846FDF72DF997F83F3050E37B6803F56A
:108290008053DB79002B10D07B6803F580531A687C
:1082A0007B6803F58053DB7919461046FDF718F912
:1082B0007B6803F58053DB7939E37B6803F58053F2
:1082C0005B6A002B00F04C813B68B3F1FF3F7CD12F
:1082D0007B6803F580535B6A7B627B6A1A1D7A6256
:1082E0001B687B610223BB627B6803F580531B69BB
:1082F0003B633B6B002B56D03B6B3B610023FB6227
:10830000BB6A0233BB623B6BFB60FB6A0133FB62FF
:108310007B6803F580531B68396B1846FDF725FC15
:1083200038633B6B012B0ED87B6803F58053022228
:10833000DA717B6803F580531B6802211846FDF74C
:10834000CFF80223F3E23B6BB3F1FF3F0ED17B6822
:1083500003F580530122DA717B6803F580531B68B3
:1083600001211846FDF7BCF80123E0E2FB68013368
:108370003A6B9A42C7D0BA6A7B699A4209D87B6A3B
:108380001A1D7A62FA6A1A607B6A1A1D7A623A6961
:108390001A607B6803F580531B6803F580539B6963
:1083A0003A6B9A42A8D37B6803F580535B6ABA6A3A
:1083B0001A60BA6A7B699A4203D87B6A00221A6003
:1083C000A9E2112387F83F30A5E27B6803F58053CB
:1083D000DB683A689A4204D97B6803F58053DB680E
:1083E0003B607B6803F580531A463B6893603B68AB
:1083F000002B00F090823B68013B19467868FDF73E
:108400000CFF02467B6803F580535A617B6803F5D5
:1084100080531A687B6803F580535B6919461046E0
:10842000FDF77FFBB861BB69002B0ED17B6803F5BC
:1084300080530222DA717B6803F580531B680221A6
:108440001846FDF74DF8022371E23B68013B7A685C
:1084500002F58052126802F580525289B3FBF2F3A2
:108460007A6802F58052126802F580529278013AD9
:108470001340BA691344BB617B6803F580539B6862
:108480007A6802F58052126802F580525289B3FB75
:10849000F2F101FB02F29B1A002B00F03C827B6898
:1084A00003F580539B69BA699A4200F034827B6875
:1084B00003F580539B7903F04003002B2BD07B689E
:1084C00003F580531B6803F58053587879687B68FF
:1084D00003F580539A690123FCF73CFF0346002B08
:1084E0000ED07B6803F580530122DA717B6803F5B7
:1084F00080531B6801211846FCF7F2FF012316E2A6
:108500007B6803F580539B7923F04003DAB27B68E4
:1085100003F580539A717B6803F580531B6803F55C
:108520008053587879680123BA69FCF7F3FE034653
:10853000002B0ED07B6803F580530122DA717B6833
:1085400003F580531B6801211846FCF7C9FF01237E
:10855000EDE17B6803F580531A46BB699361DAE16C
:108560007B6803F58053DB683A689A420CD97B68D4
:1085700003F580539B7903F00203002B04D17B6841
:1085800003F58053DB683B607B6803F580539B6891
:108590003B6200237B637B6803F580531A467B6B49
:1085A00093603B68002B00F028817B6803F58053C3
:1085B0001B6803F580539B781A467B6803F580534C
:1085C0001B6803F580535B8902FB03F3FB613B6A85
:1085D000002B21D03B685A1EFB69B2FBF3F23B6AC9
:1085E000591EFB69B1FBF3F39A4215D33B6A5A1E3D
:1085F000FB695B4213407A6802F5805293607B68A6
:1086000003F580539B683A68D31A3B607B6803F597
:1086100080535B69BB6341E07B6803F580531B6952
:10862000BB63BB6B002B33D17B6803F580531B68A6
:1086300000211846FDF749FDB863BB6B012B0ED135
:108640007B6803F580530222DA717B6803F580535F
:108650001B6802211846FCF743FF022367E1BB6B4E
:10866000B3F1FF3F0ED17B6803F580530122DA712D
:108670007B6803F580531B6801211846FCF730FF27
:10868000012354E17B6803F580531A46BB6B1361E9
:108690007B6803F580531A46BB6B5361BB6B002BA1
:1086A00000F0AB8062E07B6803F580539B7903F0B8
:1086B0000203002B0ED07B6803F580531B68B96B57
:1086C0001846FDF702FDB863BB6B002B0BD1FB69AD
:1086D0003B604FE07B6803F580531B68B96B18461D
:1086E000FDF743FAB863BB6BB3F1FF3F0ED17B6874
:1086F00003F580530122DA717B6803F580531B6810
:1087000001211846FCF7ECFE012310E1BB6B012BA5
:1087100009D97B6803F580531B6803F580539B6977
:10872000BA6B9A420ED37B6803F580530222DA714A
:108730007B6803F580531B6802211846FCF7D0FEC6
:108740000223F4E07B6803F580531A46BB6B536148
:108750007B6803F580539A68FB6913447A6802F5D5
:10876000805293603A68FB69D31A3B603A68FB69B0
:108770009A4298D87B6803F580539A683B68134403
:108780007A6802F5805293607B6803F580531B681A
:1087900003F580535B891A463B68B3FBF2F101FB9A
:1087A00002F29B1A002B28D07B6803F580531B68CC
:1087B000B96B1846FDF7B5F978637B6B002B0ED1CA
:1087C0007B6803F580530222DA717B6803F58053DE
:1087D0001B6802211846FCF783FE0223A7E07B6892
:1087E00003F580531B6803F580535B891A463B6889
:1087F000B3FBF2F37A6B13447B637B6803F580531E
:108800009B687A6802F58052126802F5805252899C
:10881000B3FBF2F101FB02F29B1A002B5ED07B68E6
:1088200003F580539B697A6B9A4257D07B6803F5B6
:1088300080539B7903F04003002B2BD07B6803F51A
:1088400080531B6803F58053587879687B6803F57B
:1088500080539A690123FCF77DFD0346002B0ED05F
:108860007B6803F580530122DA717B6803F580533E
:108870001B6801211846FCF733FE012357E07B6893
:1088800003F580539B7923F04003DAB27B6803F54C
:1088900080539A717B6803F580531B6803F58053FE
:1088A0005878796801237A6BFCF734FD0346002B76
:1088B0000ED07B6803F580530122DA717B6803F5E3
:1088C00080531B6801211846FCF70AFE01232EE0A5
:1088D0007B6803F580531A467B6B93617B6803F5D5
:1088E00080539A687B6803F58053DB689A4212D9FB
:1088F0007B6803F580539B687A6802F58052D360E9
:108900007B6803F580539B7943F02003DAB27B68E0
:1089100003F580539A717B6803F580531B6897F8C1
:108920003F2011461846FCF7DBFD97F83F3018460C
:108930004037BD4680BD80B584B000AF78600B463F
:10894000FB70FB780A2B03D10D217868FFF7F3FF4A
:108950007B685B68FB60FB68002B25DBFB685A1CAF
:10896000FA607A681344FA781A73FB683C2B12DDBC
:108970007B6818687B6803F10C01FA6807F108034B
:10898000FFF7C7F8BA68FB689A4201D1002301E0FB
:108990004FF0FF33FB607B68FA685A607B689B6826
:1089A0005A1C7B689A6000E000BF1037BD4680BD4E
:1089B00090B597B000AF786039603B68FB600023EA
:1089C0003B613B697B6109E07B685A1C7A601A78DD
:1089D00007F10C0311461846FFF7ADFF7B681B78C3
:1089E000002BF1D13B69002B15DBF8683B691C4675
:1089F00007F1080207F10C0303F10C0113462246AC
:108A0000FFF787F80346002B05D13B69BA6893420C
:108A100001D17B6901E04FF0FF3318465C37BD465A
:108A200090BD000080B487B000AFF860B960134615
:108A3000FB710123FB750023BB751E4B5B7ADBB218
:108A4000012B31D81B4B5B7ADBB21A46194B002144
:108A50009954184B5B7ADBB2164A9B001344FA68B0
:108A60005A60144B5B7ADBB21A46124B1344FA7904
:108A70001A72104B5B7ADBB25A1CD1B20D4A51729A
:108A8000BB75BB7D3033DAB2BB681A70BB6801338B
:108A90003A221A70BB6802332F221A70BB68033364
:108AA00000221A700023FB75FB7D18461C37BD465B
:108AB00080BC70472826002080B582B000AF786067
:108AC0003960002239687868FFF7ACFF0346184622
:108AD0000837BD4680BD80B586B000AF034639601B
:108AE000FB710023FB6000233B6107F10C030121B4
:108AF000184600F0CBF802463B681A603B681B68DA
:108B0000002B14BF01230023DBB27B617B69184675
:108B10001837BD4680BD80B582B000AF78607868F8
:108B200000F06AF9012318460837BD4680BD80B5BC
:108B300084B000AF78600023FB604FF47A717868EE
:108B400000F0D6F80346002B01D10123FB60FB683F
:108B500018461037BD4680BD80B582B000AF786042
:108B6000786800F013F900BF0837BD4680BD80B4B7
:108B700085B000AF0346FB800023FB60B7F90630E9
:108B8000842B05D0B7F90620FB6813440333FB6040
:108B9000FB6818461437BD4680BC704780B483B06C
:108BA00000AFEFF305837B607B68002B14BF0123CC
:108BB0000023DBB218460C37BD4680BC704780B539
:108BC00000AF01F09DF90023184680BDF0B589B0D3
:108BD00004AF786039607B685B69002B20D07B68CC
:108BE0009B69002B1CD07B685C687B681D687B6878
:108BF0001E697B68B3F908301846FFF7B8FF0146D5
:108C00007B685B697A6892690292019300913B6884
:108C100032462946204600F08DFF0346FB601CE0EB
:108C20007B685C687B681D687B681B699EB27B689B
:108C3000B3F908301846FFF79AFF024607F10C0314
:108C4000019300923B6832462946204600F0D2FF4D
:108C50000346012B01D0002300E0FB6818461437BF
:108C6000BD46F0BD80B584B000AF78607B68FB6026
:108C7000FB68002B01D0FB6800E00123184601F0DF
:108C800009F9002318461037BD4680BD80B586B06F
:108C900002AF786039607B685B68002B0FD03B685F
:108CA000012B0AD17B685B6803220092002200211D
:108CB000012000F0CDF9034616E0002314E03B68E4
:108CC000012B10D103220021012000F03EFAF860B0
:108CD000FB68002B05D0002300220021F86800F07B
:108CE0008FFAFB6800E0002318461037BD4680BDB0
:108CF00080B584B000AF786039600023BB607B68CA
:108D0000002B01D180233AE00023FB603B68B3F1E4
:108D1000FF3F03D14FF0FF33FB6009E03B68002BBE
:108D200006D03B68FB60FB68002B01D10123FB6090
:108D3000FFF734FF0346002B17D007F108031A464C
:108D40000021786800F0FEFC0346012B01D0FF23D0
:108D500015E0BB68002B11D00B4B4FF080521A600E
:108D6000BFF34F8FBFF36F8F08E0F968786800F0AA
:108D7000D9FB0346012B01D0FF2300E00023184656
:108D80001037BD4680BD00BF04ED00E080B584B063
:108D900000AF78600023FB600023BB60FFF7FEFE9E
:108DA0000346002B16D007F108031946786800F037
:108DB00029FB0346012B01D0FF2317E0BB68002BE2
:108DC00013D00C4B4FF080521A60BFF34F8FBFF39C
:108DD0006F8F0AE0002300220021786800F010FA6B
:108DE0000346012B01D0FF23FB60FB6818461037B8
:108DF000BD4680BD04ED00E080B582B000AF786074
:108E0000FFF7CCFE0346002B01D0822303E07868F5
:108E100000F01AFD002318460837BD4680BD80B417
:108E200083B000AF78607B6803F108027B685A600A
:108E30007B684FF0FF329A607B6803F108027B6821
:108E4000DA607B6803F108027B681A617B680022A4
:108E50001A6000BF0C37BD4680BC704780B483B039
:108E600000AF78607B6800221A6100BF0C37BD46F6
:108E700080BC704780B485B000AF786039607B6893
:108E80005B68FB603B68FA685A60FB689A683B68FD
:108E90009A60FB689B683A685A60FB683A689A6017
:108EA0003B687A681A617B681B685A1C7B681A6089
:108EB00000BF1437BD4680BC704780B485B000AF9A
:108EC000786039603B681B68BB60BB68B3F1FF3FEB
:108ED00003D17B681B69FB600CE07B680833FB6097
:108EE00002E0FB685B68FB60FB685B681B68BA6854
:108EF0009A42F6D2FB685A683B685A603B685B68E6
:108F00003A689A603B68FA689A60FB683A685A6007
:108F10003B687A681A617B681B685A1C7B681A6018
:108F200000BF1437BD4680BC704780B485B000AF29
:108F300078607B681B69FB607B685B687A68926815
:108F40009A607B689B687A6852685A60FB685B68C5
:108F50007A689A4203D17B689A68FB685A607B689A
:108F600000221A61FB681B685A1EFB681A60FB68C6
:108F70001B6818461437BD4680BC704780B584B066
:108F800000AF786039607B68FB60FB68002B0BD119
:108F90004FF0500383F31188BFF36F8FBFF34F8FF0
:108FA000BB6000BF00BFFDE701F0E0FEFB681A6890
:108FB000FB68DB6BF968096C01FB03F31A44FB687F
:108FC0009A60FB6800229A63FB681A68FB685A6023
:108FD000FB681A68FB68DB6B013BF968096C01FBF5
:108FE00003F31A44FB68DA60FB68FF2283F844202D
:108FF000FB68FF2283F845203B68002B14D1FB68F7
:109000001B69002B1AD0FB681033184601F0D0F909
:109010000346002B12D00D4B4FF080521A60BFF365
:109020004F8FBFF36F8F09E0FB6810331846FFF7CF
:10903000F6FEFB6824331846FFF7F1FE01F0C6FE8A
:10904000012318461037BD4680BD00BF04ED00E087
:1090500080B58EB002AFF860B9607A603B60FB68A3
:10906000002B0BD14FF0500383F31188BFF36F8FA8
:10907000BFF34F8FBB6200BF00BFFDE73B68002B13
:109080000BD14FF0500383F31188BFF36F8FBFF301
:109090004F8F7B6200BF00BFFDE77B68002B02D0D3
:1090A000BB68002B01D0012300E00023002B0BD173
:1090B0004FF0500383F31188BFF36F8FBFF34F8FCF
:1090C0003B6200BF00BFFDE77B68002B02D1BB689D
:1090D000002B01D1012300E00023002B0BD14FF026
:1090E000500383F31188BFF36F8FBFF34F8FFB6182
:1090F00000BF00BFFDE748237B617B69482B0BD095
:109100004FF0500383F31188BFF36F8FBFF34F8F7E
:10911000BB6100BF00BFFDE77B693B68FB62FB6A88
:10912000002B0DD0FB6A012283F8462097F83820E7
:10913000FB6A009313467A68B968F86800F040F853
:10914000FB6A18463037BD4680BD80B58AB002AF95
:10915000F860B9601346FB71FB68002B0BD14FF030
:10916000500383F31188BFF36F8FBFF34F8F3B61C1
:1091700000BF00BFFDE7FB68BA6802FB03F3FB61B9
:10918000FB694833184601F0F3FEB861BB69002B58
:1091900011D0BB697B617B6948337B61BB6900226D
:1091A00083F84620FA79BB69009313467A69B96857
:1091B000F86800F005F8BB6918462037BD4680BD49
:1091C00080B584B000AFF860B9607A60FB70BB68AE
:1091D000002B03D1BB69BA691A6002E0BB697A68E7
:1091E0001A60BB69FA68DA63BB69BA681A6401215C
:1091F000B869FFF7C3FE00BF1037BD4680BD000051
:1092000080B58EB000AFF860B9607A603B60002333
:109210007B63FB683B633B6B002B0BD14FF0500330
:1092200083F31188BFF36F8FBFF34F8FBB6200BF13
:1092300000BFFDE7BB68002B03D13B6B1B6C002B11
:1092400001D1012300E00023002B0BD14FF050038C
:1092500083F31188BFF36F8FBFF34F8F7B6200BF23
:1092600000BFFDE73B68022B03D13B6BDB6B012B9F
:1092700001D1012300E00023002B0BD14FF050035C
:1092800083F31188BFF36F8FBFF34F8F3B6200BF33
:1092900000BFFDE701F052FA0346002B02D17B68C4
:1092A000002B01D1012300E00023002B0BD14FF054
:1092B000500383F31188BFF36F8FBFF34F8FFB61B0
:1092C00000BF00BFFDE701F051FD3B6B9A6B3B6BAC
:1092D000DB6B9A4202D33B68022B29D13A68B9680A
:1092E000386B00F0ECFAF8623B6B5B6A002B10D035
:1092F0003B6B2433184601F05BF80346002B13D078
:109300003F4B4FF080521A60BFF34F8FBFF36F8F08
:109310000AE0FB6A002B07D0394B4FF080521A60ED
:10932000BFF34F8FBFF36F8F01F050FD012363E058
:109330007B68002B03D101F049FD00235CE07B6BCF
:10934000002B06D107F11403184601F095F801230C
:109350007B6301F03BFD00F03DFE01F007FD3B6B40
:1093600093F844305BB2B3F1FF3F03D13B6B002273
:1093700083F844203B6B93F845305BB2B3F1FF3F79
:1093800003D13B6B002283F8452001F01FFD3A1DFD
:1093900007F114031146184601F084F80346002B28
:1093A00024D1386B00F083FB0346002B18D03B6BB5
:1093B00010337A681146184600F0D4FF386B00F07D
:1093C0000EFB00F015FE0346002B7FF47CAF0C4B28
:1093D0004FF080521A60BFF34F8FBFF36F8F72E769
:1093E000386B00F0FCFA00F003FE6CE7386B00F01D
:1093F000F6FA00F0FDFD002318463837BD4680BD63
:1094000004ED00E080B58EB000AF786039607B6815
:109410003B633B6B002B0BD14FF0500383F3118860
:10942000BFF36F8FBFF34F8F3B6200BF00BFFDE7FD
:109430003B6B1B6C002B0BD04FF0500383F3118858
:10944000BFF36F8FBFF34F8FFB6100BF00BFFDE71E
:109450003B6B1B68002B03D13B6B9B68002B01D13E
:10946000012300E00023002B0BD14FF0500383F3C6
:109470001188BFF36F8FBFF34F8FBB6100BF00BF79
:10948000FDE701F035FDEFF311824FF0500383F358
:109490001188BFF36F8FBFF34F8F7A613B617B6998
:1094A000FB623B6B9B6BBB623B6BDB6BBA6A9A42AA
:1094B0002BD23B6B93F8453087F82730BB6A5A1C98
:1094C0003B6B9A6397F92730B3F1FF3F12D13B6BA7
:1094D0005B6A002B16D03B6B2433184600F068FF04
:1094E0000346002B0ED03B68002B0BD03B680122BB
:1094F0001A6007E097F827300133DBB25AB23B6BB2
:1095000083F8452001237B6301E000237B63FB6A32
:10951000FB60FB6883F3118800BF7B6B184638370C
:10952000BD4680BD80B58EB000AF78603960002345
:109530007B637B68FB6200233B63FB6A002B0BD1E0
:109540004FF0500383F31188BFF36F8FBFF34F8F3A
:109550003B6200BF00BFFDE7FB6A1B6C002B0BD01A
:109560004FF0500383F31188BFF36F8FBFF34F8F1A
:10957000FB6100BF00BFFDE701F0E0F80346002BF0
:1095800002D13B68002B01D1012300E00023002B16
:109590000BD14FF0500383F31188BFF36F8FBFF3EC
:1095A0004F8FBB6100BF00BFFDE701F0DFFBFB6A2F
:1095B0009B6BBB62BB6A002B24D0BB6A5A1EFB6A42
:1095C0009A63FB6A1B68002B04D101F063FA024620
:1095D000FB6A9A60FB6A1B69002B0FD0FB6A103391
:1095E000184600F0E5FE0346002B07D0544B4FF021
:1095F00080521A60BFF34F8FBFF36F8F01F0E6FB0D
:10960000012398E03B68002B12D13B6B002B0BD061
:109610004FF0500383F31188BFF36F8FBFF34F8F69
:109620007B6100BF00BFFDE701F0D0FB002382E0BB
:109630007B6B002B06D107F10C03184600F01CFFD2
:1096400001237B6301F0C2FB00F0C4FC01F08EFB40
:10965000FB6A93F844305BB2B3F1FF3F03D1FB6A7E
:10966000002283F84420FB6A93F845305BB2B3F1E3
:10967000FF3F03D1FB6A002283F8452001F0A6FBDF
:109680003A4607F10C031146184600F00BFF03465B
:10969000002B32D1F86A00F0F4F90346002B26D0F3
:1096A000FB6A1B68002B09D101F060FBFB6A9B6819
:1096B000184601F061F8386301F088FBFB6A243337
:1096C0003A681146184600F04DFEF86A00F087F936
:1096D00000F08EFC0346002B7FF467AF184B4FF071
:1096E00080521A60BFF34F8FBFF36F8F5DE7F86A48
:1096F00000F075F900F07CFC57E7F86A00F06FF9AC
:1097000000F076FCF86A00F0BCF90346002B3FF449
:109710004CAF3B6B002B0DD001F028FBF86A00F03A
:10972000B7F87862FB6A9B68796A184601F022F9FB
:1097300001F04CFB002318463837BD4680BD00BF02
:1097400004ED00E080B58EB000AFF860B9607A60DB
:10975000FB683B633B6B002B0BD14FF0500383F353
:109760001188BFF36F8FBFF34F8F3B6200BF00BF05
:10977000FDE7BB68002B03D13B6B1B6C002B01D1B9
:10978000012300E00023002B0BD14FF0500383F3A3
:109790001188BFF36F8FBFF34F8FFB6100BF00BF16
:1097A000FDE701F0A5FBEFF311824FF0500383F3C7
:1097B0001188BFF36F8FBFF34F8FBA617B61BB69B5
:1097C000FB623B6B9B6BBB62BB6A002B2FD03B6B7E
:1097D00093F8443087F82730B968386B00F0D9F82F
:1097E000BB6A5A1E3B6B9A6397F92730B3F1FF3F70
:1097F00012D13B6B1B69002B16D03B6B1033184604
:1098000000F0D6FD0346002B0ED07B68002B0BD05A
:109810007B6801221A6007E097F827300133DBB23A
:109820005AB23B6B83F8442001237B6301E00023A1
:109830007B63FB6A3B613B6983F3118800BF7B6BF1
:1098400018463837BD4680BD80B584B000AF78601B
:109850007B68FB60FB68002B0BD14FF0500383F358
:109860001188BFF36F8FBFF34F8FBB6000BF00BF86
:10987000FDE7F86800F034F9FB6893F84630002BF8
:1098800002D1F86801F042FC00BF1037BD4680BD30
:1098900080B485B000AF78607B685B6A002B06D02F
:1098A0007B681B6B1B68C3F10703FB6001E00023AF
:1098B000FB60FB6818461437BD4680BC704780B516
:1098C00086B000AFF860B9607A6000237B61FB6806
:1098D0009B6B3B61FB681B6C002B0DD1FB681B680D
:1098E000002B4DD1FB689B68184600F0BBFF7861E8
:1098F000FB6800229A6043E07B68002B19D1FB686B
:109900005868FB681B6C1A46B96802F012FCFB68C9
:109910005A68FB681B6C1A44FB685A60FB685A68FB
:10992000FB689B689A422BD3FB681A68FB685A60F5
:1099300026E0FB68D868FB681B6C1A46B96802F021
:10994000F8FBFB68DA68FB681B6C5B421A44FB6837
:10995000DA60FB68DA68FB681B689A4207D2FB682A
:109960009A68FB681B6C5B421A44FB68DA607B6890
:10997000022B05D13B69002B02D03B69013B3B61C7
:109980003B695A1CFB689A637B6918461837BD46C9
:1099900080BD80B582B000AF786039607B681B6C99
:1099A000002B18D07B68DA687B681B6C1A447B68D4
:1099B000DA607B68DA687B689B689A4203D37B68CD
:1099C0001A687B68DA607B68D9687B681B6C1A460A
:1099D000386802F0AEFB00BF0837BD4680BD80B5D9
:1099E00084B000AF786001F0C1F97B6893F845302E
:1099F000FB7311E07B685B6A002B12D07B68243319
:109A0000184600F0D5FC0346002B01D000F0AEFD57
:109A1000FB7B013BDBB2FB7397F90F30002BE9DCDA
:109A200000E000BF7B68FF2283F8452001F0CEF9FB
:109A300001F09CF97B6893F84430BB7311E07B68BC
:109A40001B69002B12D07B681033184600F0B0FC65
:109A50000346002B01D000F089FDBB7B013BDBB24C
:109A6000BB7397F90E30002BE9DC00E000BF7B6888
:109A7000FF2283F8442001F0A9F900BF1037BD464A
:109A800080BD80B584B000AF786001F06FF97B686D
:109A90009B6B002B02D10123FB6001E00023FB60E4
:109AA00001F094F9FB6818461037BD4680BD80B5BB
:109AB00084B000AF786001F059F97B689A6B7B68DD
:109AC000DB6B9A4202D10123FB6001E00023FB60C3
:109AD00001F07CF9FB6818461037BD4680BD0000D8
:109AE00080B485B000AF78600023FB6016E0104AB8
:109AF000FB68DB0013445B687A689A420BD10C4A1E
:109B0000FB68002142F83310094AFB68DB0013446C
:109B100000225A6006E0FB680133FB60FB68072BFC
:109B2000E5D900BF00BF1437BD4680BC704700BFF9
:109B30003426002080B58EB004AFF860B9607A603A
:109B40003B607B6B002B0BD14FF0500383F31188EC
:109B5000BFF36F8FBFF34F8F3B6200BF00BFFDE7C6
:109B6000BB6B002B0BD14FF0500383F31188BFF375
:109B70006F8FBFF34F8FFB6100BF00BFFDE7A023D6
:109B80003B613B69A02B0BD04FF0500383F311884E
:109B9000BFF36F8FBFF34F8FBB6100BF00BFFDE707
:109BA0003B69BB6B002B1ED07B6B002B1BD0BB6BB0
:109BB0007B627B6A7A6B1A637B6A022283F89D2040
:109BC000002303937B6A029307F1140301933B6B19
:109BD00000933B687A68B968F86800F051F8786AD1
:109BE00000F0EEF801E000237B617B69184628371E
:109BF000BD4680BD80B58CB004AFF860B9603B60F5
:109C00001346FB80FB889B00184601F0B1F9786190
:109C10007B69002B0ED0A02001F0AAF9F861FB6946
:109C2000002B03D0FB697A691A6305E0786901F0BB
:109C30006DFA01E00023FB61FB69002B17D0FB6983
:109C4000002283F89D20FA8800230393FB69029386
:109C5000FB6A0193BB6A00933B68B968F86800F03F
:109C60000FF8F86900F0ACF80123BB6102E04FF097
:109C7000FF33BB61BB6918462037BD4680BD00007D
:109C800080B588B000AFF860B9607A603B603B6B2C
:109C90001A6B7B6803F18043013B9B001344BB615B
:109CA000BB6923F00703BB61BB6903F00703002B0B
:109CB0000BD04FF0500383F31188BFF36F8FBFF3C6
:109CC0004F8F7B6100BF00BFFDE7BB68002B1FD03B
:109CD0000023FB6112E0BA68FB69134419783A6B00
:109CE000FB69134434330A461A70BA68FB6913449B
:109CF0001B78002B06D0FB690133FB61FB690F2B3E
:109D0000E9D900E000BF3B6B002283F8432003E069
:109D10003B6B002283F83420BB6A062B01D9062353
:109D2000BB623B6BBA6ADA623B6BBA6A5A643B6BE2
:109D300000229A643B6B04331846FFF78FF83B6BA5
:109D400018331846FFF78AF83B6B3A6B1A61BB6A07
:109D5000C3F107023B6B9A613B6B3A6B5A623B6BF8
:109D60000022C3F898203B6B002283F89C203B6BB9
:109D70004C334C220021184602F0EFF83B6B0D4AA1
:109D80001A653B6B0C4A5A653B6B0C4A9A653A68FC
:109D9000F968B86900F0F8FE02463B6B1A60FB6A8E
:109DA000002B02D0FB6A3A6B1A6000BF2037BD4619
:109DB00080BD00BFC833002030340020983400201C
:109DC00080B582B000AF786000F0D0FF2A4B1B68EE
:109DD0000133294A1360294B1B68002B09D1274AFC
:109DE0007B681360244B1B68012B10D100F0E2FB51
:109DF0000DE0234B1B68002B09D1204B1B68DA6A4E
:109E00007B68DB6A9A4202D81C4A7B6813601D4B50
:109E10001B6801331B4A13607B68DB6A01229A408E
:109E2000194B1B681343184A13607B68DA6A1346A0
:109E30009B0013449B00154A1A447B68043319465F
:109E40001046FFF717F800F0C1FF0D4B1B68002B01
:109E50000ED00A4B1B68DA6A7B68DB6A9A4207D22B
:109E60000B4B4FF080521A60BFF34F8FBFF36F8FD1
:109E700000BF0837BD4680BD74270020742600202F
:109E800080270020902700207C27002078260020B3
:109E900004ED00E080B584B000AF78600023FB6083
:109EA0007B68002B18D0144B1B68002B0BD04FF095
:109EB000500383F31188BFF36F8FBFF34F8FBB60E5
:109EC00000BF00BFFDE700F085F80021786800F0D2
:109ED000F5FD00F08DF8F860FB68002B07D1074B0B
:109EE0004FF080521A60BFF34F8FBFF36F8F00BFE8
:109EF0001037BD4680BD00BF9C27002004ED00E068
:109F000080B58AB004AF0023BB6000237B603A4673
:109F1000391D07F108031846F7F77AFF39687B689F
:109F2000BA68029201930023009300230A46214954
:109F30002148FFF7FFFD0346204A13601F4B1B68B3
:109F4000002B02D001237B6101E000237B617B6950
:109F5000012B1BD14FF0500383F31188BFF36F8F98
:109F6000BFF34F8F3B6100BF154B1B684C33154A45
:109F70001360154B4FF0FF321A60144B01221A6028
:109F8000134B00221A6000F07FFE0FE07B69B3F1F3
:109F9000FF3F0BD14FF0500383F31188BFF36F8F56
:109FA000BFF34F8FFB6000BF00BFFDE700BF183756
:109FB000BD4680BDB8E7000885A5000898270020A9
:109FC00074260020640000209427002080270020B1
:109FD0007827002080B400AF044B1B680133034A8C
:109FE000136000BFBD4680BC704700BF9C270020A7
:109FF00080B584B000AF0023FB600023BB60424B00
:10A000001B68002B0BD14FF0500383F31188BFF373
:10A010006F8FBFF34F8F3B6000BF00BFFDE700F0C5
:10A02000A5FE394B1B68013B374A1360364B1B6852
:10A03000002B61D1354B1B68002B5DD02EE0344BDB
:10A04000DB68DB68FB60FB6818331846FEF76DFFC2
:10A05000FB6804331846FEF768FFFB68DB6A0122E1
:10A060009A402C4B1B6813432A4A1360FB68DA6A38
:10A0700013469B0013449B00274A1A44FB68043391
:10A0800019461046FEF7F6FEFB68DA6A234B1B689A
:10A09000DB6A9A4202D3224B01221A601C4B1B68D6
:10A0A000002BCCD1FB68002B01D000F027FB1D4B0F
:10A0B0001B687B607B68002B10D000F037F80346EC
:10A0C000002B02D0164B01221A607B68013B7B609B
:10A0D0007B68002BF1D1134B00221A60104B1B68D8
:10A0E000002B09D00123BB600F4B4FF080521A6048
:10A0F000BFF34F8FBFF36F8F00F068FEBB68184649
:10A100001037BD4680BD00BF9C270020742700206B
:10A11000342700207C270020782600207426002089
:10A12000882700208427002004ED00E080B586B059
:10A1300000AF00237B614F4B1B68002B40F08F80EA
:10A140004D4B1B6801333B614B4A3B6913603B69D4
:10A15000002B21D1494B1B681B68002B0BD04FF003
:10A16000500383F31188BFF36F8FBFF34F8F3B60B2
:10A1700000BF00BFFDE7414B1B68FB60404B1B6805
:10A180003E4A13603E4AFB6813603E4B1B68013336
:10A190003C4A136000F0B2FA3B4B1B683A699A42A2
:10A1A00048D3364B1B681B68002B04D1364B4FF04D
:10A1B000FF321A603EE0314B1B68DB68DB68BB6036
:10A1C000BB685B687B603A697B689A4203D22E4A1F
:10A1D0007B6813602EE0BB6804331846FEF7A5FECB
:10A1E000BB689B6A002B04D0BB6818331846FEF787
:10A1F0009CFEBB68DB6A01229A40244B1B68134318
:10A20000224A1360BB68DA6A13469B0013449B0022
:10A210001F4A1A44BB68043319461046FEF72AFE4B
:10A22000BB68DA6A1B4B1B68DB6A9A42B9D301230D
:10A230007B61B6E7174B1B68DA6A154913469B002A
:10A2400013449B000B441B68012B01D901237B6144
:10A25000114B1B68002B07D001237B6104E00F4BDF
:10A260001B6801330D4A13607B6918461837BD46D9
:10A2700080BD00BF9C270020782700202C270020CD
:10A28000302700208C270020942700207C270020E6
:10A2900078260020742600208827002084270020AC
:10A2A00080B487B000AF294B1B68002B03D0284B2C
:10A2B00001221A6045E0264B00221A60254B1B68DC
:10A2C000FB60FB68B3FA83F3FB72FB7AC3F11F03F5
:10A2D0007B6121497A6913469B0013449B000B4420
:10A2E0001B68002B0BD14FF0500383F31188BFF391
:10A2F0006F8FBFF34F8F7B6000BF00BFFDE77A69B0
:10A3000013469B0013449B00134A13443B613B6973
:10A310005B685A683B695A603B695A683B69083315
:10A320009A4204D13B695B685A683B695A603B6951
:10A330005B68DB68094A1360084B1B684C33084AAA
:10A34000136000BF1C37BD4680BC70479C270020AF
:10A35000882700207C2700207826002074260020F3
:10A360006400002080B584B000AF786039607B68FD
:10A37000002B0BD14FF0500383F31188BFF36F8F85
:10A38000BFF34F8FFB6000BF00BFFDE7074B1B68AB
:10A39000183319467868FEF790FD0121386800F0FF
:10A3A0008DFB00BF1037BD4680BD00BF7426002066
:10A3B00080B586B000AF78607B68DB68DB683B61A6
:10A3C0003B69002B0BD14FF0500383F31188BFF38F
:10A3D0006F8FBFF34F8FFB6000BF00BFFDE73B698E
:10A3E00018331846FEF7A1FD1D4B1B68002B1CD12E
:10A3F0003B6904331846FEF798FD3B69DB6A01228E
:10A400009A40184B1B681343164A13603B69DA6A7B
:10A4100013469B0013449B00134A1A443B690433C0
:10A4200019461046FEF726FD05E03B69183319462C
:10A430000E48FEF71FFD3B69DA6A0D4B1B68DB6AAD
:10A440009A4205D901237B610A4B01221A6001E07F
:10A4500000237B617B6918461837BD4680BD00BF6D
:10A460009C2700207C27002078260020342700200D
:10A47000742600208827002080B483B000AF786065
:10A48000064B1A687B681A60054B1A687B685A602D
:10A4900000BF0C37BD4680BC704700BF8C27002032
:10A4A0007827002080B588B000AF786039607B687D
:10A4B000002B0BD14FF0500383F31188BFF36F8F44
:10A4C000BFF34F8F3B6100BF00BFFDE73B68002B30
:10A4D0000BD14FF0500383F31188BFF36F8FBFF39D
:10A4E0004F8FFB6000BF00BFFDE700F03FFC1D4B3E
:10A4F0001B68BB617B685B68BA69D31A7B613B6888
:10A500001B68B3F1FF3F02D10023FB6123E07B68AE
:10A510001A68154B1B689A4207D07B685B68BA695A
:10A520009A4202D30123FB6115E03B681B687A69FC
:10A530009A420BD23B681A687B69D21A3B681A6050
:10A540007868FFF799FF0023FB6104E03B68002275
:10A550001A600123FB6100F039FCFB6918462037C3
:10A56000BD4680BD782700208C27002080B400AF36
:10A57000034B01221A6000BFBD4680BC704700BF7C
:10A580008827002080B582B000AF786000F052F8D4
:10A59000064B1B68012BF9D9054B4FF080521A600E
:10A5A000BFF34F8FBFF36F8FF0E700BF7826002017
:10A5B00004ED00E080B582B000AF00237B600CE0CA
:10A5C0007A6813469B0013449B00124A13441846B2
:10A5D000FEF725FC7B6801337B607B68062BEFD997
:10A5E0000D48FEF71CFC0D48FEF719FC0C48FEF761
:10A5F00016FC0C48FEF713FC0B48FEF710FC0B4B47
:10A60000054A1A600A4B054A1A6000BF0837BD4662
:10A6100080BD00BF782600200427002018270020D6
:10A620003427002048270020602700202C27002006
:10A630003027002080B582B000AF19E000F096FB13
:10A64000104BDB68DB687B607B6804331846FEF7E1
:10A650006CFC0D4B1B68013B0B4A13600B4B1B68DA
:10A66000013B0A4A136000F0B1FB786800F010F873
:10A67000064B1B68002BE1D100BF00BF0837BD4669
:10A6800080BD00BF48270020742700205C270020E1
:10A6900080B584B000AF78607B684C33184601F019
:10A6A00079FC7B6893F89D30002B08D17B681B6B8D
:10A6B000184600F02BFD786800F028FD19E07B6853
:10A6C00093F89D30012B03D1786800F01FFD10E056
:10A6D0007B6893F89D30022B0BD04FF0500383F32F
:10A6E0001188BFF36F8FBFF34F8FFB6000BF00BFB8
:10A6F000FDE700BF1037BD4680BD000080B483B0C9
:10A7000000AF0C4B1B681B68002B04D10A4B4FF0A9
:10A71000FF321A6008E0074B1B68DB68DB687B6070
:10A720007B685B68044A136000BF0C37BD4680BC81
:10A73000704700BF2C2700209427002080B483B0EE
:10A7400000AF0B4B1B68002B02D101237B6008E09C
:10A75000084B1B68002B02D102237B6001E0002321
:10A760007B607B6818460C37BD4680BC704700BFD5
:10A77000802700209C27002080B584B000AF78603F
:10A780007B68BB600023FB607B68002B5ED0BB68EE
:10A79000DA6A314B1B68DB6A9A424ED2BB689B690E
:10A7A000002B06DB2C4B1B68DB6AC3F10702BB687E
:10A7B0009A61BB685969BB68DA6A13469B00134407
:10A7C0009B00264A134499422FD1BB680433184694
:10A7D000FEF7ABFB0346002B0AD1BB68DB6A012204
:10A7E00002FA03F3DA431E4B1B6813401C4A136042
:10A7F000194B1B68DA6ABB68DA62BB68DB6A012244
:10A800009A40174B1B681343154A1360BB68DA6AFA
:10A8100013469B0013449B00104A1A44BB68043340
:10A8200019461046FEF726FB04E00B4B1B68DA6A5C
:10A83000BB68DA620123FB6008E0BB685A6C064B18
:10A840001B68DB6A9A4201D20123FB60FB68184651
:10A850001037BD4680BD00BF74260020782600203A
:10A860007C27002080B586B000AF78607B683B61B4
:10A8700000237B617B68002B70D03B4B1B683A69DF
:10A880009A420BD04FF0500383F31188BFF36F8FC0
:10A89000BFF34F8FFB6000BF00BFFDE73B699B6CC0
:10A8A000002B0BD14FF0500383F31188BFF36F8F50
:10A8B000BFF34F8FBB6000BF00BFFDE73B699B6CE0
:10A8C0005A1E3B699A643B69DA6A3B695B6C9A423F
:10A8D00044D03B699B6C002B40D13B690433184644
:10A8E000FEF723FB0346002B15D13B69DA6A1F49AB
:10A8F00013469B0013449B000B441B68002B0AD19A
:10A900003B69DB6A012202FA03F3DA43184B1B6846
:10A910001340174A13603B695A6C3B69DA623B6922
:10A92000DB6AC3F107023B699A613B69DB6A01227A
:10A930009A400F4B1B6813430D4A13603B69DA6A58
:10A9400013469B0013449B00084A1A443B69043396
:10A9500019461046FEF78EFA01237B617B69184683
:10A960001837BD4680BD00BF742600207826002021
:10A970007C27002080B588B000AF786039607B68A4
:10A98000BB6101237B617B68002B79D0BB699B6C29
:10A99000002B0BD14FF0500383F31188BFF36F8F5F
:10A9A000BFF34F8FFB6000BF00BFFDE7BB695B6C6F
:10A9B0003A689A4202D93B68FB6102E0BB695B6C72
:10A9C000FB61BB69DB6AFA699A4259D0BB699B6C2F
:10A9D0007A699A4254D12C4B1B68BA699A420BD1BE
:10A9E0004FF0500383F31188BFF36F8FBFF34F8F86
:10A9F000BB6000BF00BFFDE7BB69DB6A3B61BB69B1
:10AA0000FA69DA62BB699B69002B04DBFB69C3F15D
:10AA10000702BB699A61BB6959693A6913469B0091
:10AA200013449B00194A1344994229D1BB6904334A
:10AA30001846FEF77AFA0346002B0AD1BB69DB6A97
:10AA4000012202FA03F3DA43114B1B681340104A48
:10AA50001360BB69DB6A01229A400D4B1B681343EC
:10AA60000B4A1360BB69DA6A13469B0013449B00D0
:10AA7000064A1A44BB69043319461046FEF7FAF930
:10AA800000BF2037BD4680BD7426002078260020F8
:10AA90007C27002080B400AF074B1B68002B04D03C
:10AAA000054B1B689A6C01329A64034B1B6818466D
:10AAB000BD4680BC704700BF7426002080B584B0BE
:10AAC00000AF78603960294B1B68FB60284B1B681E
:10AAD00004331846FEF729FA0346002B0BD1244B0A
:10AAE0001B68DB6A012202FA03F3DA43214B1B687D
:10AAF0001340204A13607B68B3F1FF3F0AD13B68E3
:10AB0000002B07D01A4B1B68043319461A48FEF76E
:10AB1000B1F926E0FA687B681344BB60144B1B68EC
:10AB2000BA685A60BA68FB689A4209D2134B1A682D
:10AB30000F4B1B68043319461046FEF7BEF910E0B0
:10AB40000F4B1A680A4B1B68043319461046FEF770
:10AB5000B4F90C4B1B68BA689A4202D2094ABB6826
:10AB6000136000BF1037BD4680BD00BF78270020AE
:10AB7000742600207C27002060270020302700203A
:10AB80002C2700209427002080B485B000AFF86007
:10AB9000B9607A60FB68043BFB60FB684FF0807231
:10ABA0001A60FB68043BFB60BB6823F00102FB6892
:10ABB0001A60FB68043BFB60084AFB681A60FB688C
:10ABC000143BFB607A68FB681A60FB68203BFB6003
:10ABD000FB6818461437BD4680BC7047E1AB0008DF
:10ABE00080B485B000AF00237B60124B1B68B3F1CB
:10ABF000FF3F0BD04FF0500383F31188BFF36F8FEB
:10AC0000BFF34F8FFB6000BF00BFFDE74FF0500365
:10AC100083F31188BFF36F8FBFF34F8FBB6000BF0B
:10AC200000BF7B68002BFCD000BF00BF1437BD46BF
:10AC300080BC7047540000200000000000000000AD
:10AC4000074B19680868B0E8F00F80F30988BFF374
:10AC50006F8F4FF0000080F311884EF00D0E70479B
:10AC60007426002000BF00BF06480068006880F31B
:10AC7000088862B661B6BFF34F8FBFF36F8F00DFF6
:10AC800000BF00BF08ED00E080B584B000AF324BDC
:10AC9000FB60FB681B78DBB27B60FB68FF221A70ED
:10ACA000FB681B78DBB2FB70FB78DBB203F0500370
:10ACB000DAB22A4B1A702A4B07221A6009E0284B95
:10ACC0001B68013B264A1360FB78DBB25B00DBB2FA
:10ACD000FB70FB78DBB203F08003802BEFD0204BBE
:10ACE0001B68C3F10703042B0BD04FF0500383F311
:10ACF0001188BFF36F8FBFF34F8FBB6000BF00BFE2
:10AD0000FDE7174B1B681B02154A1360144B1B68A9
:10AD100003F4E063124A13607B68DAB2FB681A70CE
:10AD2000104B1B680F4A43F4700313600D4B1B68F4
:10AD30000C4A43F07043136000F0B8F80A4B00224D
:10AD40001A60FFF791FFFFF7ABFAFFF749FF002307
:10AD500018461037BD4680BD00E400E0A027002063
:10AD6000A427002020ED00E05400002080B483B030
:10AD700000AF4FF0500383F31188BFF36F8FBFF321
:10AD80004F8F7B6000BF0F4B1B6801330D4A136070
:10AD90000C4B1B68012B10D10B4B1B68DBB2002B3B
:10ADA0000BD04FF0500383F31188BFF36F8FBFF3C5
:10ADB0004F8F3B6000BF00BFFDE700BF0C37BD46B3
:10ADC00080BC70475400002004ED00E080B483B0E4
:10ADD00000AF124B1B68002B0BD14FF0500383F3D5
:10ADE0001188BFF36F8FBFF34F8F7B6000BF00BF31
:10ADF000FDE70A4B1B68013B084A1360074B1B68C1
:10AE0000002B05D100233B603B6883F3118800BF12
:10AE100000BF0C37BD4680BC704700BF5400002007
:10AE2000EFF30980BFF36F8F0D4B1A6820E9F00F25
:10AE300010602DE908404FF0500080F31188FFF7B3
:10AE40002FFA4FF0000080F31188BDE80840196820
:10AE50000868B0E8F00F80F30988BFF36F8F704780
:10AE60007426002000BF00BF80B582B000AF4FF055
:10AE7000500383F31188BFF36F8FBFF34F8F7B6055
:10AE800000BFFFF753F90346002B03D0064B4FF0EA
:10AE900080521A6000233B603B6883F3118800BF37
:10AEA00000BF0837BD4680BD04ED00E080B400AFB0
:10AEB0000A4B00221A600A4B00221A60094B1B68D9
:10AEC000094AA2FB03239B09084A013B1360034B79
:10AED00007221A6000BFBD4680BC704710E000E04A
:10AEE00018E000E034000020D34D621014E000E0D0
:10AEF00080B485B000AFEFF30583FB60FB680F2BD8
:10AF000015D9174AFB6813441B78FB72154B1B7845
:10AF1000FA7A9A420BD24FF0500383F31188BFF3B1
:10AF20006F8FBFF34F8F7B6000BF00BFFDE70E4BFD
:10AF30001B6803F4E0620D4B1B689A420BD94FF07B
:10AF4000500383F31188BFF36F8FBFF34F8F3B60C4
:10AF500000BF00BFFDE700BF1437BD4680BC70478F
:10AF6000F0E300E0A02700200CED00E0A427002083
:10AF700080B58AB000AF78600023FB61FFF72AF844
:10AF80005C4B1B68002B01D100F024F95A4B1A6866
:10AF90007B681340002B40F095807B68002B1ED00F
:10AFA00008227B6813447B607B6803F00703002B57
:10AFB00015D07B6823F0070308337B607B6803F0C0
:10AFC0000703002B0BD04FF0500383F31188BFF31E
:10AFD0006F8FBFF34F8F7B6100BF00BFFDE77B68C2
:10AFE000002B6FD0454B1B687A689A426AD8444B55
:10AFF0003B62434B1B687B6204E07B6A3B627B6A7B
:10B000001B687B627B6A5B687A689A4203D97B6AB9
:10B010001B68002BF1D1374B1B687A6A9A4251D0DA
:10B020003B6A1B6808221344FB617B6A1A683B6A0F
:10B030001A607B6A5A687B68D21A08235B009A42BE
:10B0400020D97A6A7B681344BB61BB6903F00703AC
:10B05000002B0BD04FF0500383F31188BFF36F8F99
:10B06000BFF34F8F3B6100BF00BFFDE77B6A5A68AB
:10B070007B68D21ABB695A607B6A7A685A60B86981
:10B0800000F00AF91D4B1A687B6A5B68D31A1B4AE9
:10B0900013601A4B1A681B4B1B689A4203D2174B5A
:10B0A0001B68184A13607B6A5A68134B1B681A4363
:10B0B0007B6A5A607B6A00221A60134B1B6801335B
:10B0C000114A1360FEF794FFFB6903F00703002B9E
:10B0D0000BD04FF0500383F31188BFF36F8FBFF392
:10B0E0004F8FFB6000BF00BFFDE7FB6918462837A4
:10B0F000BD4680BDB0330020C4330020B4330020EF
:10B10000A8330020B8330020BC33002080B586B0BF
:10B1100000AF78607B687B617B68002B4FD0082391
:10B120005B427A6913447B617B693B613B695A6886
:10B13000254B1B681340002B0BD14FF0500383F3BA
:10B140001188BFF36F8FBFF34F8FFB6000BF00BF4D
:10B15000FDE73B691B68002B0BD04FF0500383F3D6
:10B160001188BFF36F8FBFF34F8FBB6000BF00BF6D
:10B17000FDE73B695A68144B1B681340002B1ED037
:10B180003B691B68002B1AD13B695A680E4B1B6840
:10B19000DB431A403B695A60FEF71CFF3B695A6863
:10B1A0000A4B1B681344094A1360386900F074F8AD
:10B1B000074B1B680133064A1360FEF719FF00BFF7
:10B1C0001837BD4680BD00BFC4330020B433002013
:10B1D000C033002080B485B000AF4FF44063BB6043
:10B1E000274BFB60FB6803F00703002B0CD0FB68C8
:10B1F0000733FB60FB6823F00703FB60BA68FB685A
:10B20000D31A1F4A1344BB60FB687B601D4A7B68EE
:10B2100013601C4B00225A607B68BA681344FB60C1
:10B220000822FB689B1AFB60FB6823F00703FB60A6
:10B23000FB68154A1360144B1B6800225A60124BBE
:10B240001B6800221A607B683B603B68FA68D21A70
:10B250003B685A600C4B1A683B681A603B685B6835
:10B260000A4A13603B685B68094A1360094B4FF058
:10B2700000421A6000BF1437BD4680BC704700BF53
:10B28000A8270020A8330020B0330020B8330020C6
:10B29000B4330020C433002080B485B000AF7860A0
:10B2A000274BFB6002E0FB681B68FB60FB681B68C8
:10B2B0007A689A42F7D8FB68BB60FB685B68BA683B
:10B2C00013447A689A4208D1FB685A687B685B68C5
:10B2D0001A44FB685A60FB687B607B68BB607B68D4
:10B2E0005B68BA681A44FB681B689A4218D1FB680D
:10B2F0001A68144B1B689A420DD07B685A68FB6829
:10B300001B685B681A447B685A60FB681B681A6894
:10B310007B681A6008E00B4B1A687B681A6003E0D0
:10B32000FB681A687B681A60FA687B689A4202D0E8
:10B33000FB687A681A6000BF1437BD4680BC70474E
:10B34000A8330020B03300200A22002100F07AB890
:10B35000242B2DE9F0478646904601D8012B06D1D3
:10B3600000F0ACFE162303600020BDE8F0870D4618
:10B3700033482A4615F8014B065D16F00806F8D149
:10B380002D2C10D101262C78951C33F0100215D1EC
:10B39000302C0DD12A7802F0DF02582A08D16C78BF
:10B3A000023510230AE02B2C04BF2C78951CECE707
:10B3B000002BF6D1302C14BF0A230823002206F1FB
:10B3C000004C0CF1FF3CBCFBF3F9104603FB19CA1F
:10B3D000A4F13007092F0FD83C46A3421BDD571CB0
:10B3E00007D0814514D301D1A24511DB012200FB16
:10B3F000034015F8014BEBE7A4F14107192F01D8E1
:10B40000373CEAE7A4F16107192F04D8573CE4E779
:10B410004FF0FF32EDE7531C08D122236046CEF8EF
:10B420000030B8F1000FA0D0691E06E006B140421E
:10B43000B8F1000F99D0002AF6D1C8F8001094E7AF
:10B440006DE8000813460A46014602480068FFF707
:10B450007FBF00BF64000020002B2DE9F0471D4690
:10B46000BBBF03F100431D4600232D2388B01446C3
:10B47000B8BF1446129A109E1370149BDDF84CA0AE
:10B4800023F02008B8F1460F05D0B8F1450F00D1E0
:10B490000136022300E0032307AA049206AACDE99D
:10B4A00002A2CDE9003622462B4600F0D9FEB8F1C3
:10B4B000470F074619D1119BDB070ED500EB060994
:10B4C0000022002320462946F5F76EFA08B1CDF890
:10B4D0001C903022079B4B451ED33846079B159A7C
:10B4E000DB1B136008B0BDE8F087B8F1460F00EB36
:10B4F0000609E5D10378302B0AD10022002320462B
:10B500002946F5F751FA18B9C6F10106CAF80060E4
:10B51000DAF800309944D3E7591C07911A70D9E73B
:10B52000F7B50029B6BF2D232B2349420929027004
:10B53000437029DD0DF107031D460A27B1FBF7F61D
:10B540001A4607FB1614303402F8014C0C46632CE3
:10B55000314603F1FF33F1DC3031941E03F8011C56
:10B560002346411CAB420AD30DF109039B1AAC429E
:10B5700088BF002302330344181A03B0F0BD13F848
:10B58000016B01F8016FEDE7302330318370C1703A
:10B59000031DF1E72DE9F04F91B00C46DDF868800E
:10B5A00016461F46054600F0E1FC0368184608935E
:10B5B000F4F7CEFD00230E93D8F80030099007333E
:10B5C00023F0070303F1080294F818A0D4F800B0A0
:10B5D000C8F80020D3E9008929F000430B93CDF887
:10B5E00028804FF0FF32DDE90A01C4E912899C4B43
:10B5F000F5F70CFA70BBDDE90A014FF0FF32984B0A
:10B60000F5F7E6F930BB0022002340464946F5F73E
:10B61000D5F910B12D2384F84330924A924BBAF1F8
:10B62000470F8CBF9046984603234FF000092361D3
:10B630002BF00403236033462146284600970FAAC7
:10B6400000F0D4F9013040F090804FF0FF3011B09D
:10B65000BDE8F08F42464B4640464946F5F7D6F9DD
:10B6600048B14B46002BB8BF2D23804AB8BF84F8A1
:10B6700043307F4BD3E763680AF0DF015A1C3FD1A8
:10B680000623636000224BF48063236006920EAAB7
:10B69000CDE904A20DAA03920DF13302CDE90132E6
:10B6A00063684246009328464B460A91FFF7D4FE52
:10B6B0000A99804647290D9928D1C81C02DB636886
:10B6C000994240DDAAF1020A5FFA8AFA524601392C
:10B6D00004F150000D91FFF723FF0E9A81461318D5
:10B6E000012A236102DC2268D20701D501332361DC
:10B6F0009DF83330002B9ED02D2384F843309AE7F9
:10B700004729BFD1002BBDD10123BAE7BAF1650F9C
:10B71000DCD9BAF1660F18D1002963680BDD21610D
:10B7200013B92268D00702D501330B4423614FF0CF
:10B730000009A165DCE713B92268D20701D50233FD
:10B74000F4E70123F2E74FF0670A0E9B994205DB0D
:10B7500023682161D807EAD54B1CE7E70029CCBF55
:10B760000122C1F102021344E0E723685A0507D41D
:10B770002369424631462846B84701302BD164E759
:10B78000BAF1650F40F2DC80D4E9120100220023F7
:10B79000F5F70AF9002833D0012331462846354A07
:10B7A000B84701303FF451AFDDE90D38434502DBC6
:10B7B0002368D8070FD5DDE9082331462846B84766
:10B7C00001303FF442AF4FF0000908F1FF3804F1B7
:10B7D0001A0AC84509DC23689B0700F10281E0686A
:10B7E0000F9B9842B8BF184631E7012352463146B5
:10B7F0002846B84701303FF428AF09F10109E8E7CE
:10B800000D9B002B38DC012331462846194AB847E6
:10B8100001303FF41AAFDDE90D3959EA030302D1D3
:10B820002368D907D7D5DDE9082331462846B8472C
:10B8300001303FF40AAF4FF0000A04F11A0B0D9BE0
:10B840005B42534501DC4B4693E701235A463146A0
:10B850002846B84701303FF4F8AE0AF1010AEEE796
:10B86000FFFFEF7F71E900086DE9000879E9000842
:10B8700075E900087DE90008A36DDDF838A053459F
:10B88000A8BF5346002B994636DC4FF0000B29EA3F
:10B89000E97904F11A02A36D0A93A3EB09035B454E
:10B8A00031DC0D9B9A453ADC2368DA0737D40D9BCF
:10B8B000AAEB03090A9BAAEB03039945A8BF994683
:10B8C000B9F1000F33DC4FF0000829EAE97904F1FF
:10B8D0001A0B0D9BAAEB0303A3EB090343457FF768
:10B8E0007AAF01235A4631462846B84701303FF423
:10B8F000ACAE08F10108ECE7424631462846B847AD
:10B900000130C2D1A1E60123314628460A92B84748
:10B9100001303FF49AAE0A9A0BF1010BBBE73146B6
:10B92000DDE908232846B8470130C0D18DE60A9AE0
:10B930004B46314628464244B8470130C3D184E6DD
:10B94000DDF838A0BAF1010F01DCDB0736D50123A1
:10B95000424631462846B84701303FF476AEDDE92D
:10B96000082331462846B84701303FF46EAED4E98B
:10B970001201002200230AF1FF3AF5F715F8C0B9C9
:10B98000534608F1010231462846B84701300CD130
:10B990005BE601235A4631462846B84701303FF45A
:10B9A00054AE08F10108D045F3DB4B4604F15002D8
:10B9B000E0E64FF0000804F11A0BF4E701234246D9
:10B9C000E1E701234A4631462846B84701303FF4B3
:10B9D0003CAE08F10108E3680F995B1A4345F0DCBF
:10B9E000FDE64FF0000804F11909F4E72DE9F047EE
:10B9F000164698468A680B6907469342B8BF1346B5
:10BA0000336091F843200C46DDF820900AB10133F1
:10BA100033602368990642BF336802333360256878
:10BA200015F0060506D104F1190AE36832689B1A7D
:10BA3000AB422BDC94F843302268003B18BF012353
:10BA4000920630D44146384604F14302C8470130DB
:10BA500023D02368226903F00603042B14BF0025BA
:10BA600033684FF0000608BFE56804F11A0408BF08
:10BA7000ED1A54F8123C08BF25EAE5759342C4BF9D
:10BA80009B1AED18B5421AD1002008E00123524656
:10BA900041463846C847013003D14FF0FF30BDE87A
:10BAA000F0870135C1E73020E11881F843005A1CC6
:10BAB00094F845102244023382F84310C2E7012370
:10BAC000224641463846C8470130E6D00136D9E71C
:10BAD0002DE9FF470F7E9146782F80460C469A4607
:10BAE0000C9E01F1430207D8622F0AD8002F00F004
:10BAF000D180582F00F0B88004F1420684F84270DB
:10BB00003AE0A7F16303152BF6D801A151F823F011
:10BB100069BB00087DBB0008F9BA0008F9BA000843
:10BB2000F9BA0008F9BA00087DBB0008F9BA0008A4
:10BB3000F9BA0008F9BA0008F9BA00087BBC000895
:10BB4000A7BB000835BC0008F9BA0008F9BA00081C
:10BB50009DBC0008F9BA0008A7BB0008F9BA0008A4
:10BB6000F9BA00083DBC000833681A1D1B68326032
:10BB700004F1420684F8423001239CE033682068D7
:10BB8000191D3160060601D51D6803E04506FBD589
:10BB9000B3F90050002D03DA2D236D4284F84330B1
:10BBA0000A23584811E021683368080653F8045BFB
:10BBB00002D4490648BFADB26F2F336014BF0A23C9
:10BBC00008235048002184F843106668002EA660C0
:10BBD00005DB21682E4321F0040121604BD016467D
:10BBE000B5FBF3F103FB1157C75D06F8017D2F4646
:10BBF000BB420D46F4D9082B0BD12368DF0708D5CB
:10BC0000236961689942DEBF302306F8013C06F1E2
:10BC1000FF36921B22614B4621464046CDF800A0DC
:10BC200003AAFFF7E3FE01304AD14FF0FF3004B022
:10BC3000BDE8F087236843F020032360782732486B
:10BC400084F84570236831681F0651F8045B02D4FC
:10BC50005F0648BFADB23160D90744BF43F020034F
:10BC600023601DB11023ADE72648E9E7236823F0E0
:10BC700020032360F6E71646BDE733682568181DE4
:10BC8000616930602E061B6801D5196002E0680604
:10BC9000FBD51980002316462361BCE733680021D9
:10BCA0001A1D32601E686268304600F034FA08B12E
:10BCB000801B606063682361002384F84330AAE737
:10BCC0003246494640462369D0470130ADD023680B
:10BCD0009B0713D4E068039B9842B8BF1846A6E7B9
:10BCE0000123324649464046D04701309DD00135B8
:10BCF000E36803995B1AAB42F2DCEBE7002504F141
:10BD00001906F5E77FE9000890E90008002310B55F
:10BD10000446C0E90033C0E904338360818143668F
:10BD2000C2818361194608225C3000F016F90D4B80
:10BD3000246263620C4BA3620C4BE3620C4B2363E3
:10BD40000C4B9C4206D003F16802944202D0D033DF
:10BD50009C4205D104F15800BDE8104000F0D8B96C
:10BD600010BD00BFD5BE0008F7BE00082FBF0008F9
:10BD700053BF0008C8330020024A0349034800F0BB
:10BD800069B800BF58000020A9DA00086800002048
:10BD900041680C4B10B59942044601D001F084FE75
:10BDA000A168094B994202D0204601F07DFEE1686E
:10BDB000064B994204D02046BDE8104001F074BE05
:10BDC00010BD00BFC833002030340020983400205C
:10BDD00010B50B4B0B4C0C4A20461A600421002274
:10BDE000FFF794FF04F1680001220921FFF78EFF9D
:10BDF00004F1D0000222BDE810401221FFF786BFF7
:10BE000000350020C833002079BD0008014800F04B
:10BE100080B900BF09350020014800F07BB900BFA0
:10BE20000935002010B50446FFF7F0FF236A1BB167
:10BE3000BDE81040FFF7F0BF044B2362044B1B68C2
:10BE4000002BF5D1FFF7C4FFF2E700BF91BD00085A
:10BE5000003500202DE9F8430746884614460026A1
:10BE6000D4E90195B9F1010905D52468002CF7D171
:10BE70003046BDE8F883AB89012B07D9B5F90E3000
:10BE8000013303D029463846C04706436835E9E701
:10BE90000EB46FF0004110B500249DB01FAB0290AE
:10BEA0000690079104910948094953F8042B05911C
:10BEB000006802A901931B9401F07AFC029B1C709C
:10BEC0001DB0BDE8104003B0704700BF6400002003
:10BED0000802FFFF10B50C46B1F90E1000F0CAF8C9
:10BEE0000028ABBF636DA3891B1823F48053ACBF3C
:10BEF0006365A38110BD2DE9F0411F468B8905467E
:10BF0000DB050C46164605D502230022B1F90E10BA
:10BF100000F09EF8A389324623F48053A38128467B
:10BF20003B46B4F90E10BDE8F04100F0B5B810B5CD
:10BF30000C46B1F90E1000F08BF8431CA38915BF15
:10BF4000606523F4805343F48053A38118BFA38119
:10BF500010BDB1F90E1000F00DB803460244934233
:10BF600000D1704703F8011BF9E700000048704753
:10BF7000A401002038B50023054D044608462B6077
:10BF8000F7F791FA431C02D12B6803B1236038BD47
:10BF9000043500202D4B70B51B680446834253D0F6
:10BFA000C3691BB3DB6863B10025E369DB685959DA
:10BFB000B1B90435802DF8D1E3692046D96800F085
:10BFC00023FFE369196811B1204600F01DFFE36902
:10BFD0009D685DB1294620462D6800F015FFF8E701
:10BFE0000E68204600F010FF3146E1E7616911B1AB
:10BFF000204600F009FFE16911B1204600F004FF7E
:10C00000216B11B1204600F0FFFE616B11B120469B
:10C0100000F0FAFEA16B11B1204600F0F5FEA16C14
:10C0200011B1204600F0F0FE616C11B1204600F025
:10C03000EBFEE16A11B1204600F0E6FE236A1BB177
:10C040002046BDE87040184770BD00BF6400002066
:10C0500038B50446084611460022054D2A601A46A6
:10C06000F7F745FA431C02D12B6803B1236038BDB2
:10C070000435002038B50446084611460022054D17
:10C080002A601A46F7F7D6F9431C02D12B6803B190
:10C09000236038BD0435002038B5044608461146F3
:10C0A0000022054D2A601A46F7F7E1F9431C02D138
:10C0B0002B6803B1236038BD04350020014B18689C
:10C0C000704700BF6400002070B500260C4D0D4C79
:10C0D000641BA410A64209D102F060FA00260A4DA2
:10C0E0000A4C641BA410A64205D170BD55F8043B50
:10C0F00098470136EEE755F8043B98470136F2E7DA
:10C10000E8EB0008E8EB0008E8EB0008ECEB0008BF
:10C11000704770477047034610B5C9B20244934256
:10C12000184601D1002003E0047801338C42F6D197
:10C1300010BD0A44914200F1FF3300D1704710B5A1
:10C1400011F8014B914203F8014FF9D110BD2DE9CF
:10C15000F74F03690C690746A3427EDB013CA3004D
:10C1600000F1140501F11408009305EB8403019319
:10C1700058F8243055F8242001339A42B2FBF3F6E4
:10C1800008EB84092ED34FF0000AC446AE46D346CE
:10C190005CF8043B98B206FB00A01B0C020C06FBEB
:10C1A0000323DEF8002080B292B2121A5A44DEF85D
:10C1B00000004FEA134A9BB2C3EB224303EB104348
:10C1C00092B242EA0342E1454FEA234B4EF8042B78
:10C1D000DED2009BEB582BB9019B043B9D421A46D3
:10C1E0002FD33C61384601F07FF9002825DB294632
:10C1F000002058F8042BD1F800C01FFA82FE1FFA65
:10C200008CF3A3EB0E030344120CC2EB234202EBAC
:10C210001C429BB243EA0243C1454FEA224041F827
:10C22000043BE6D255F8242005EB840322B9043BF5
:10C230009D421A460BD33C610136304603B0BDE83F
:10C24000F08F1268043B002ACBD1013CC6E712688C
:10C25000043B002AEFD1013CEAE70020EEE70000B2
:10C260002DE9F04F14461D46C76997B08146CDE9C8
:10C270000645239E7FB9102000F00EFE0246C9F845
:10C280001C0020B9EF21AC4BAC4801F05FFCC0E9C9
:10C2900001770760C760D9F81C30196859B15A682E
:10C2A000012393404A608B60484600F0EBFE002279
:10C2B000D9F81C301A602B1EAFBF0023012223F0D7
:10C2C00000430793A8BF3360DDF81C809C4BB8BFC8
:10C2D000326033EA080312D142F20F73229A1360DC
:10C2E000C8F31303234300F05E85249BDFF854A2B8
:10C2F000002B00F060850AF1030300F05ABDDDE970
:10C300000623CDE90C23DDE90C0100220023F4F71C
:10C310004BFB074658B10123229A1360249B13B1AB
:10C32000894B249A1360DFF824A200F044BD14ABBB
:10C33000019315AB00934846DDE90C2301F084F925
:10C34000C8F30A560390002E78D0DDE90C010D9B4E
:10C35000A6F2FF36C3F3130343F07F5343F44013B5
:10C360001297194600227A4BF3F7FEFE6CA3D3E92D
:10C370000023F4F7B1F86CA3D3E90023F3F7F6FE3A
:10C38000044630460D46F4F73DF869A3D3E900238F
:10C39000F4F7A2F802460B4620462946F3F7E6FEDC
:10C3A00004460D46F4F748FB0022074600232046CA
:10C3B0002946F4F703FB40B13846F4F723F8224648
:10C3C0002B46F4F7F1FA00B9013F162F54D8DDE9F6
:10C3D0000C01604B03EBC703D3E90023F4F7EEFA3B
:10C3E00000284BD00023013F0F93149B9B1B5A1E28
:10C3F00049BFC3F10103002304930023099254BFF2
:10C4000004930993002F3BDB099B0E973B44099350
:10C4100000230A93209B092B65D8052BC4BF043B3E
:10C420002093209BC8BF0024A3F10203D8BF01249E
:10C43000032B64D8DFE803F05355382CDDE914638F
:10C440001E4406F23243202BC1BFC3F1400308FA59
:10C4500003F806F2124324FA03F3D6BFC3F1200314
:10C4600048EA030004FA03F0F3F7BCFF0122A1F14C
:10C47000F873013E129274E70123B5E70F90B4E719
:10C48000049BDB1B04937B420A9300230E93C1E7BA
:10C4900001230B93219B07EB030B0BF10103012BF2
:10C4A0000893B8BF012306E001230B93219B002BC7
:10C4B00028DD9B46089300210422D9F81C0002F1D4
:10C4C00014059D4226D94160484600F09BFD8246F6
:10C4D000002843D1024640F2AF111F4BD4E600239F
:10C4E000E3E70023D5E7012400230B9420934FF0CA
:10C4F000FF3B00221223CDF820B02192DBE701237D
:10C500000B93F4E74FF0010B5B46CDF820B0CDF86C
:10C5100084B0D0E701315200D1E700BFAFF3008013
:10C5200061436F63A787D23FB3C8608B288AC63F39
:10C53000FB799F501344D33FAEE90008C5E90008DA
:10C540000000F07FAAE900087EE900087DE9000804
:10C550000000F83F18EB00081DEA0008D9F81C306D
:10C560001860089B0E2B00F2A180002C00F09E802A
:10C57000002F33DD9C4B07F00F0203EBC203F805DD
:10C58000D3E90034CDE910344FEA271416D5DDE99C
:10C590000C01964B0326D3E90823F4F7C7F8CDE93D
:10C5A000060104F00F04914D54B9DDE91023DDE9D3
:10C5B0000601F4F7BBF8CDE9060128E00226F2E710
:10C5C000E10708D5DDE91001D5E90023F3F784FF81
:10C5D000CDE91001013664100835E5E700F0AF80C1
:10C5E000DDE90C017C42804B04F00F0203EBC20337
:10C5F000D3E90023F3F770FF02260023CDE90601FB
:10C600007A4D2411002C40F08F80002BD3D1DDE92E
:10C6100006450F9B002B00F09480002220462946FF
:10C62000734BF4F7CBF9002800F08B80089B002BAC
:10C6300000F08780BBF1000F34DD20460022294640
:10C640006C4BF3F749FF5C46CDE9060107F1FF3873
:10C6500001363046F3F7D6FEDDE90623F3F73CFF5B
:10C660000022654BF3F782FD0546A1F15076002CC0
:10C670006AD1DDE906010022604BF3F775FD024641
:10C680000B46CDE906232A463346F4F7B5F90028D0
:10C6900040F09882DDE906012A4606F10043F4F7EE
:10C6A0008DF938BBDDE90C34CDE90634159B002B40
:10C6B000C0F257810E2F00F354814B4B03EBC7039D
:10C6C000D3E90034CDE90434219B002B80F2E580CE
:10C6D000089B002B00F3E1800CD1DDE9040100226E
:10C6E000464BF3F7F9FEDDE90623F4F77BF9002862
:10C6F00000F0668200242546219B56466FEA030817
:10C7000000272146484600F0BDFC002D00F0BD800A
:10C710002FB1AF4203D03946484600F0B3FC29465A
:10C72000484600F0AFFCB0E0E20705D5D5E90023AC
:10C73000F3F7D2FE012301366410083562E70226C2
:10C7400065E7B846089C84E7274B0B9903EBC403C5
:10C7500053E902235444002954D000202849F3F718
:10C76000E5FF33462A46F3F7FFFC5646CDE91001B4
:10C77000DDE90601F4F760F90546F3F743FE0246EA
:10C780000B46DDE90601F3F7EFFC02460B463035B8
:10C79000CDE90623DDE9102306F8015BF4F70EF975
:10C7A000002872D1DDE9062300201149F3F7DCFCF3
:10C7B000DDE91023F4F702F9002840F0B480A64226
:10C7C0003FF470AFDDE9100100220A4BF3F784FE5D
:10C7D0000022CDE91001DDE90601064BF3F77CFEEE
:10C7E000CDE90601C4E700BF18EB0008F0EA000835
:10C7F0000000F03F0000244000001C4000001440F6
:10C800000000E03F31462846F3F766FE5646CDE984
:10C8100010011394DDE90601F4F70EF90546F3F76C
:10C82000F1FD02460B46DDE90601F3F79DFC0246E9
:10C830000B46303506F8015BA642CDE906234FF0E2
:10C84000000224D1DDE91001AE4BF3F78FFC024664
:10C850000B46DDE90601F4F7CFF8002863D1DDE9E6
:10C8600010230020A749F3F77FFC02460B46DDE9C1
:10C870000601F4F7A3F800283FF414AF139E731ECB
:10C88000139316F8013C302BF8D047463BE09E4B03
:10C89000F3F722FECDE90601BCE75646DDE9064581
:10C8A000DDE9042320462946F3F740FFF4F7C4F8F6
:10C8B0008046F3F7A7FDDDE90423F3F70DFE0246FA
:10C8C0000B4620462946F3F74FFC08F13004089D3B
:10C8D00006F8014BA6EB0A04A54202460B4633D1EB
:10C8E000F3F744FCDDE9042304460D46F4F784F82D
:10C8F000C0B9DDE9042320462946F4F755F810B104
:10C9000018F0010F0ED14846039900F0BBFB00233D
:10C910003370229B01371F60249B002B00F04B8259
:10C920001E6048E2B84633461E4613F8012D392AE8
:10C9300006D19A45F8D1302208F101088AF8002082
:10C940001A7801321A70A0E700226F4BF3F7C4FD8A
:10C950000022002304460D46F4F726F800289FD055
:10C96000D1E70B9A002A00F0EA80209A012A00F30E
:10C97000CD80129A002A00F0C18003F233430A9C52
:10C98000049E049A01211A440492099A48461A44C2
:10C99000099200F02BFC054666B1099B002B09DDCE
:10C9A000B342A8BF3346049AF61AD21A0492099ADF
:10C9B000D31A09930A9B0BB30B9B002B00F0C68084
:10C9C000002C00F0C08029462246484600F0C6FCF4
:10C9D000039A01460546484600F01EFC039980462E
:10C9E000484600F04FFB0A9B1B1B0A9300F0B180E6
:10C9F00041460A9A484600F0B1FC0390012148469E
:10CA000000F0F4FB0E9B0446002B00F0D8811A4680
:10CA10000146484600F0A2FC209B0446012B00F38F
:10CA20009F80069B002B40F09780079BC3F3130366
:10CA3000002B40F09380079B23F000431B0D1B0548
:10CA400033B1049B01330493099B01330993012300
:10CA50000A930E9B002B00F0B881236904EB83033B
:10CA6000186900F077FBC0F12000099B184410F012
:10CA70001F0000F08280C0F12003042B73DD049BB3
:10CA8000C0F11C0003440493099B0644034409932A
:10CA9000049B002B05DD1A464846039900F0B8FCBC
:10CAA0000390099B002B05DD21461A46484600F0FD
:10CAB000AFFC04460F9B002B61D02146039800F089
:10CAC00013FD00285BDA00230A224846039900F090
:10CAD000FBFA0B9B07F1FF380390002B00F07781E6
:10CAE000294600230A22484600F0EEFABBF1000F67
:10CAF00005466FDC209B022B49DC6BE0149BC3F1E5
:10CB000036033CE70000E03F00002440089B5C1E29
:10CB10000A9BA34209DB1C1B089B002BBFF630AF0E
:10CB2000049B089A9E1A00232BE70A9B0E9AE31A8D
:10CB30001A440A94049E0024089B0E9221E70A9C42
:10CB4000049E0B9D28E7DDF80C8051E70A9A0399B3
:10CB500050E7CDF80C8051E7002379E7069B77E793
:10CB600000230A9379E793D0049A1C331A44049261
:10CB7000099A1E441A4409928AE70346F4E7089B7F
:10CB8000B846002B20DC9B46209B022B1EDDBBF110
:10CB9000000F7FF4B1AD21465B460522484600F008
:10CBA00093FA01460446039800F09EFC00287FF7A4
:10CBB000A3AD5646312308F1010806F8013B9FE575
:10CBC000B846089C2546F4E7DDF820B00B9B002B07
:10CBD00000F00181002E05DD29463246484600F06E
:10CBE00017FC05460A9B002B5CD04846696800F09C
:10CBF00009FA064628B9024640F2EF21804BFFF7BA
:10CC000043BB2A6905F10C01023292000C30FFF798
:10CC100090FA01223146484600F0FAFB2F460546BD
:10CC20000AF1010304930AEB0B030A93069B03F03A
:10CC300001030993049B2146039803F1FF3BFFF78F
:10CC400086FA034639463033069003980B9300F07A
:10CC50004BFC2A4608902146484600F061FCC26819
:10CC600006460B9B02BB0146039800F03DFC0246C2
:10CC70000B9B31464846CDE90B3200F003FA209B6E
:10CC80000C9A049E42EA0301099B19430B9B0DD1A8
:10CC9000392B27D0089A002A01DD069B31338BF807
:10CCA00000302EE52846B9E70122E2E7089900297D
:10CCB00004DB209801430998014320D1002AEEDDCE
:10CCC000012203994846049300F0A2FB21460390F9
:10CCD00000F00AFC0028049B02DCE0D1DA07DED574
:10CCE000392BDAD139238BF8003033461E4616F83B
:10CCF000012C013B392A4ED001321A7001E5002A7D
:10CD000003DD392BEED00133C9E7049A0A9902F802
:10CD1000013C8A4228D000230A220399484600F0A9
:10CD2000D3F9AF4203904FF000034FF00A023946A7
:10CD3000484607D100F0C8F907460546049B013371
:10CD4000049377E700F0C0F92946074600230A223A
:10CD5000484600F0B9F90546F0E7BBF1000FCCBF3B
:10CD60005E46012600275644012203994846049353
:10CD700000F04EFB2146039000F0B6FB0028B4DC27
:10CD800002D1049BDB07B0D433461E4613F8012DB5
:10CD9000302AFAD0B5E49A45A8D1312308F1010828
:10CDA0008AF80030ADE4249BDFF858A01BB10AF1EB
:10CDB0000803249A1360504617B0BDE8F08F209BFB
:10CDC000012B7FF72EAE0E9B0A9301204DE6BBF19F
:10CDD000000F7FF7D9AE564621460398FFF7B7F903
:10CDE00000F1300306F8013BA6EB0A029345B4DDDF
:10CDF00000230A224846039900F066F90390EBE706
:10CE00001DEA0008A1E9000838B50546002940D010
:10CE100051F8043C0C1F002BB8BFE41800F0E6F8F2
:10CE20001C4A136833B9636014602846BDE8384073
:10CE300000F0E2B8A34208D9206821188B4201BF54
:10CE400019685B6809182160EDE71A465B680BB149
:10CE5000A342FAD911685018A0420BD120680144AE
:10CE6000501883421160E0D118685B680844106074
:10CE70005360DAE702D90C232B60D6E7206821182B
:10CE80008B4201BF19685B680918216063605460B8
:10CE9000CBE738BD10350020024B0146186800F082
:10CEA00025B800BF6400002070B50F4E0C463168F5
:10CEB000054611B900F03AFE30602146284600F0E0
:10CEC00035FE431C03D14FF0FF34204670BDC41C17
:10CED00024F00304A042F8D0211A284600F026FED0
:10CEE0000130F2D1EFE700BF0C3500202DE9F84307
:10CEF000CD1C25F0030508350C2D38BF0C25002D61
:10CF0000064601DBA94204D90C2333600020BDE8AA
:10CF1000F883DFF8D48000F069F8D8F800301C46B8
:10CF200044BB29463046FFF7BFFF431C044658D197
:10CF3000D8F800402746002F43D1002C4BD023685F
:10CF40003946304604EB030900F0F0FD814542D13B
:10CF5000216830466D1A2946FFF7A6FF01303AD006
:10CF600023682B442360D8F800305A6862BBC8F8A5
:10CF700000700FE02268521B20D40B2A17D96119C8
:10CF8000A342256018BF5960636808BFC8F8001045
:10CF900062514B60304600F02FF804F10B00231D66
:10CFA00020F00700C21A1CBF1B1AA350AFE762682B
:10CFB000A3420CBFC8F800205A60EBE72346646820
:10CFC000AEE73C467F68B6E71A465B68A342FBD1F2
:10CFD00000235360DEE70C233046336000F00CF88A
:10CFE00094E70560D6E700BF103500200148FFF741
:10CFF00090B800BF083500200148FFF78BB800BF8C
:10D000000835002070B5C66904460D4676B9102073
:10D01000FFF742FF0246E06120B96B21174B184829
:10D0200000F094FDC0E901660660C660E669F36839
:10D0300083B1E369DB6853F82500B8B9012101FA2F
:10D0400005F6721D2046920000F09EFD60B1C0E919
:10D0500001560EE021220421204600F095FDE369EF
:10D06000F060DB68002BE4D1002070BD026843F85B
:10D0700025200023C0E90333F7E700BFAEE900082D
:10D080002EEA000870B5C66905460C4676B9102030
:10D09000FFF702FF0246E86120B98F21084B0948DB
:10D0A00000F054FDC0E901660660C6603CB1EB6962
:10D0B0006268DB6853F82210216043F8224070BD9B
:10D0C000AEE900082EEA00082DE9F04107460C46BB
:10D0D0001E4600200D6901F1140CDCF8003001300F
:10D0E00099B202FB01611E0C0B0C02FB063389B2E4
:10D0F00001EB034185424FEA13464CF8041BECDC7C
:10D100000EB3A368AB4219DC616838460131FFF702
:10D1100079FF804628B90246BA210C4B0C4800F032
:10D1200015FD226904F10C01023292000C30FFF768
:10D1300000F821463846FFF7A5FF444604EB850377
:10D1400001355E6125612046BDE8F0811DEA0008D9
:10D150002EEA00080346B0F5803F3ABF03041020D2
:10D160000020B3F1807F3CBF1B020830B3F1805F29
:10D170003CBF1B010430B3F1804F3CBF9B00023029
:10D18000002B05DB13F0804F00F1010008BF2020C9
:10D1900070470368024613F007000BD0D90721D46B
:10D1A000980749BF5B089B08012013605CBF022001
:10D1B0001360704799B209B910201B0CD9B209B994
:10D1C00008301B0A190704BF1B090430990704BF64
:10D1D0009B080230D90703D45B0800F1010003D09B
:10D1E00013607047002070472020704710B50C4630
:10D1F0000121FFF707FF024628B940F24511044B11
:10D20000044800F0A3FC01234461036110BD00BF8A
:10D210001DEA00082EEA00082DE9F04F17460A69BA
:10D220003B6989469A42A2BF3B460F4699463D69F3
:10D23000D9F810A0BB68796805EB0A06B34285B03F
:10D24000B8BF0131FFF7DEFE30B902464FF4B171CD
:10D25000404B414800F07AFC00F1140423460022C0
:10D2600004EB860E734520D307F1140809F114016D
:10D2700008EB850501EB8A030293EB1B153B23F0BA
:10D28000030304331537BD4238BF04230193029BC7
:10D2900003918B420CD8002E03DD5EF8043D002B79
:10D2A00055D0066105B0BDE8F08F43F8042BD9E7EF
:10D2B000B1F800A0BAF1000F1FD0C446A146002764
:10D2C0005CF8042BD9F800301FFA82FB9BB20AFBF2
:10D2D0000B333B44D9F80070120C3F0C0AFB02726E
:10D2E00002EB13429BB243EA024365454FEA124701
:10D2F00049F8043BE4D8019BE750039B0431B3F8A1
:10D300000290B9F1000F20D04746A4464FF0000A22
:10D310002368B7F800B0BCF802209BB209FB0B22CF
:10D32000524443EA02434CF8043B57F8043B4FEAAB
:10D33000134ABCF80030BD4209FB0A3303EB124329
:10D340004FEA134AE5D8019AA35004349FE7013EFF
:10D35000A1E700BF1DEA00082EEA00082DE9F84306
:10D36000154612F0030207460E4607D0254C013A37
:10D37000002354F82220FFF7A7FE0646AD103DD04B
:10D38000FC697CB91020FFF787FD0246F86128B9D7
:10D3900040F2B3111C4B1D4800F0D8FBC0E901441A
:10D3A0000460C460D7F81C80D8F808404CB940F23B
:10D3B00071213846FFF71AFF00230446C8F8080019
:10D3C00003604FF00009EB070AD531462246384684
:10D3D000FFF722FF804631463846FFF753FE4646A8
:10D3E0006D100BD0206838B9224621463846FFF729
:10D3F00013FF2060C0F800900446E4E73046BDE823
:10D40000F88300BFE0EA0008AEE900082EEA000851
:10D410002DE9F0470C46074691462369496803EB1E
:10D420006218A3684FEA621A08F10106B3420BDBE7
:10D430003846FFF7E7FD054648B902464FF4EF715D
:10D44000274B284800F082FB01315B00EEE7002308
:10D4500000F1140100F110021846534533DB206936
:10D460002AEAEA7A04F1140319F01F0901EB8A0190
:10D4700003EB800C2BD08A460022C9F1200E1868DD
:10D4800000FA09F010434AF8040B53F8042B9C45AA
:10D4900022FA0EF2F3D8ACEB0403153B23F003039E
:10D4A000043304F11500604588BF0423CA500AB153
:10D4B00008F10206013E384621462E61FFF7E2FDE3
:10D4C0002846BDE8F08742F8040F0133C5E7043968
:10D4D00053F8042B9C4541F8042FF9D8EAE700BF24
:10D4E0001DEA00082EEA000803460A69006930B503
:10D4F000801A0ED11433143103EB820401EB820144
:10D5000054F8045D51F8042D954203D005D24FF034
:10D51000FF3030BDA342F3D3FBE70120F9E7000061
:10D520002DE9F74F89460646114648461446FFF74F
:10D53000DBFF051E12D129463046FFF763FD024688
:10D5400028B940F237213E4B3E4800F0FFFA012354
:10D55000C0E90435104603B0BDE8F08FBCBF4B46B0
:10D56000A1463046D9F80410BABF1C460125002553
:10D57000FFF748FD024618B940F24521304BE3E77A
:10D5800000F1140BD9F8107009F11003C5604FF0C9
:10D59000000C09F11405D946266904F1140E05EBB7
:10D5A00087080EEB86060193019B5EF8040B53F887
:10D5B00004AF81B201931FFA8AF35B1A000C634433
:10D5C000C0EB1A4000EB23409BB243EA0043764590
:10D5D0004FEA204C49F8043BE6D8331B153B23F0B7
:10D5E000030315340433A64238BF04231D445B44AF
:10D5F0001E462C4644450ED308F10301491B21F079
:10D600000301033DA84538BF00210B4453F8041D16
:10D6100099B117619EE7E64654F8041B1FFA81FC96
:10D62000F444080C714400EB2C4089B241EA0041FB
:10D630004FEA204C46F8041BDCE7013FE6E700BF59
:10D640001DEA00082EEA00082DE9734301219046E7
:10D650009946089EFFF7D6FC044630B9024640F2D0
:10D660000F31234B234800F071FAC9F30A55C9F36F
:10D6700013030DB143F480130193B8F1000324D0D8
:10D6800068460093FFF785FDDDE90012D8B1C0F1CF
:10D69000200302FA03F30B43C24063610192019B32
:10D6A000002B0CBF01220222A3612261ADB1A5F2C1
:10D6B000334505443560C0F13500099B18602046AC
:10D6C00002B0BDE870836161E9E701A8FFF761FD81
:10D6D000019B012263612030E7E7A0F2324004EBB6
:10D6E000820330601869FFF735FDC0EB4210E4E7B4
:10D6F0001DEA00082EEA00082DE9F0471F468E6853
:10D700008246BE420C4690460B682DD8B1F90C20DB
:10D7100012F4906F26D06569096905EB4505A3EB06
:10D72000010905EBD5757B1C4B446D109D4238BF3C
:10D730001D46530527D52946FFF7D8FB064660B39B
:10D740004A462169FEF7F5FCA38923F4906343F070
:10D750008003A38126614E4426603E466561A5EBA9
:10D760000905A560BE4200D93E46324641462068C2
:10D7700000F0C2F90020A3689B1BA3602368334418
:10D780002360BDE8F0872A4600F024FA0646002808
:10D79000E0D150462169FFF737FB0C23CAF800306F
:10D7A000A3894FF0FF3043F04003A381E9E7000075
:10D7B0002DE9F04F98468B8907461B060D46144607
:10D7C0009DB010D50B6973B94021FFF78FFB28601E
:10D7D000286130B90C233B604FF0FF301DB0BDE82D
:10D7E000F08F40236B610023099320238DF82930AB
:10D7F00030234FF00109CDF80C80DFF898818DF8C7
:10D800002A3023469A4613F8012B0AB1252AF9D16A
:10D81000BAEB040B0BD05B46224629463846FFF78D
:10D820006BFF013000F0A780099A5A4409929AF8D8
:10D830000030002B00F09F8000234FF0FF32CDE935
:10D8400005230AF1010A049307938DF853301A93C4
:10D850005446052214F8011B4E48FEF75CFC049A5E
:10D86000D8B9D00644BF20238DF85330110744BFE8
:10D870002B238DF853309AF800302A2B15D05446BC
:10D8800000204FF00A0C079A214611F8013B303B6B
:10D89000092B4BD9B0B1079214E0A0EB080309FAA9
:10D8A00003F31343A2460493D2E7039B191D1B689D
:10D8B0000391002BBBBF5B4242F002020793079328
:10D8C000B8BF049223782E2B0AD163782A2B32D149
:10D8D000039B02341A1D1B68039243EAE37305930A
:10D8E000DFF8B4A0032250462178FEF714FC38B1CB
:10D8F0004022049BA0EB0A008240134301340493AE
:10D9000014F8011B062225488DF82810FEF703FCA9
:10D91000002836D0224B1BBB039B073323F00703A1
:10D9200008330393099B334409936AE70C460120AB
:10D930000CFB0232A8E700234FF00A0C1946013411
:10D940000593204610F8012B303A092A03D9002B01
:10D95000C6D00591C4E7044601230CFB0121F0E782
:10D9600003AB00932A4638460E4B04A9FDF712FE7E
:10D97000421C0646D6D1AB895B063FF52DAF099810
:10D980002CE703AB00932A463846064B04A9FEF762
:10D990009FF8EDE787EA00088DEA000891EA0008A1
:10D9A00095B50008F9D60008B1F90C20F8B51607AE
:10D9B00005460C4654D44B68002B02DC0B6C002B44
:10D9C00048DDE66A002E45D0002312F480522F680D
:10D9D000216A2B6030D0626DA389590705D5636831
:10D9E000D21A636B0BB1236CD21A00232846E66A65
:10D9F000216AB047431CA38906D129681D292BD869
:10DA0000284ACA40D60727D5002262602269D90475
:10DA1000226004D5421C01D12B6803B96065616B9B
:10DA20002F60B9B104F14403994202D02846FFF7B0
:10DA3000EBF9002363630DE001232846B04702465B
:10DA4000501CC9D12B68002BC6D01D2B01D0162B22
:10DA50001DD12F60002021E043F040031BB21AE0EB
:10DA60000F69002FF6D0930718BF00230E6808BF78
:10DA70004B69F61B0F608B60002EEBDD33463A4698
:10DA80002846216AD4F828C0E047002807DCB4F90A
:10DA90000C3043F040034FF0FF30A381F8BD074442
:10DAA000361AE9E70100402038B50B6905460C46F7
:10DAB00013B90025284638BD18B1036A0BB9FEF723
:10DAC000B1F9B4F90C30002BF3D0626ED00704D456
:10DAD000990502D4A06DFEF71CFB28462146FFF7EE
:10DAE00063FF636E0546DA07E4D4A3899B05E1D49E
:10DAF000A06DFEF70FFBDDE7884210B501EB0204D5
:10DB000002D98442234607D8431EA14208D011F807
:10DB1000012B03F8012FF8E7014602448A4200D1A5
:10DB200010BD13F8014D02F8014DF7E738B5002399
:10DB3000054D044608462B60F5F7E6FC431C02D170
:10DB40002B6803B1236038BD043500201FB514468F
:10DB50001A46094B05461B68D8684CB1074BCDE9FE
:10DB6000013400912B46064900F070F800F080F86F
:10DB7000044B1C46F3E700BF64000020A2EA000843
:10DB8000AFEA0008DDEA000870B5A1FB025434B921
:10DB90002946FFF7ABF9064628B9304670BD0C227E
:10DBA00000260260F9E72A462146FEF7D6F9F4E797
:10DBB00082B001B901A942B14BB113780B60127860
:10DBC000101E18BF012002B070471046FBE76FF02F
:10DBD0000100F8E72DE9F041074614460D4621B94A
:10DBE0001146BDE8F041FFF781B92AB9FFF70CF9FA
:10DBF00025462846BDE8F08100F041F884420646FB
:10DC000002D8B4EB500FF4D821463846FFF76EF92E
:10DC1000804608B94546ECE7B4422246294628BF6B
:10DC20003246FEF786FA29463846FFF7EDF8F1E767
:10DC30000346084641B1FF2A04D98A224FF0FF303B
:10DC40001A60704701200A70704700000EB403B5D7
:10DC5000014603AB054853F8042B0068019300F01C
:10DC60003DF802B05DF804EB03B07047640000209B
:10DC7000062008B500F006FA0120F5F7D0FB51F8B0
:10DC8000043C181F002BBCBF0B58C018704793688A
:10DC900010B4013B002B936007DA9469A34201DBC7
:10DCA0000A2902D110BC00F031B91368581C106069
:10DCB0001970084610BC7047F8B506460F46144662
:10DCC000D518AC4201D1002007E03A46304614F89E
:10DCD000011BFFF7DCFF431CF3D1F8BD2DE9F04F2A
:10DCE0000D461446984606469DB018B1036A0BB916
:10DCF000FEF798F86B6ED90705D4AB899A0502D464
:10DD0000A86DFEF706FAAB891B0701D52B699BB9F5
:10DD10002946304600F038F970B16B6EDC0704D547
:10DD20004FF0FF301DB0BDE8F08FAB899805F7D4F8
:10DD3000A86DFEF7EFF9F3E70023099320238DF890
:10DD4000293030234FF00109CDF80C80DFF8A8818D
:10DD50008DF82A3023469A4613F8012B0AB1252A5A
:10DD6000F9D1BAEB040B0BD05B462246294630466C
:10DD7000FFF7A2FF013000F0A780099A5A440992E8
:10DD80009AF80030002B00F09F8000234FF0FF3204
:10DD9000CDE905230AF1010A049307938DF8533066
:10DDA0001A935446052214F8011B5348FEF7B3F9A1
:10DDB000049AD8B9D10644BF20238DF853301307F5
:10DDC00044BF2B238DF853309AF800302A2B15D0FE
:10DDD000544600204FF00A0C079A214611F8013BE7
:10DDE000303B092B4BD9B0B1079214E0A0EB0803EC
:10DDF00009FA03F31343A2460493D2E7039B191DC8
:10DE00001B680391002BBBBF5B4242F002020793E9
:10DE10000793B8BF049223782E2B0AD163782A2B5C
:10DE200032D1039B02341A1D1B68039243EAE37349
:10DE30000593DFF8C8A0032250462178FEF76BF95E
:10DE400038B14022049BA0EB0A0082401343013406
:10DE5000049314F8011B062229488DF82810FEF7B8
:10DE60005AF900283FD0274B1BBB039B073323F0F5
:10DE7000070308330393099B3B4409936AE70C4665
:10DE800001200CFB0232A8E700234FF00A0C1946D0
:10DE900001340593204610F8012B303A092A03D9A2
:10DEA000002BC6D00591C4E7044601230CFB0121D9
:10DEB000F0E703AB00932A463046134B04A9FDF765
:10DEC00069FB0746781CD6D16B6ED90705D4AB89A0
:10DED0009A0502D4A86DFEF71DF9AB895B063FF5E4
:10DEE0001FAF09981EE703AB00932A463046064B46
:10DEF00004A9FDF7EDFDE4E787EA00088DEA0008D4
:10DF000091EA000895B50008B9DC0008F8B50E469E
:10DF10001446054618B1036A0BB9FDF783FFA369E0
:10DF2000A360A3891A0701D5236943B9214628466E
:10DF300000F02AF818B14FF0FF373846F8BD2368D3
:10DF40002269F6B2981A63693746834205DC214696
:10DF50002846FFF7A9FD0028EDD1A368013BA36087
:10DF600023685A1C22601E706269431C9A4204D0C6
:10DF7000A389DB07E1D50A2EDFD121462846FFF72A
:10DF800093FD0028D9D0D6E738B5294B0546186847
:10DF90000C4618B1036A0BB9FDF744FFB4F90C3015
:10DFA000190722D4DA0607D409222A6043F0400375
:10DFB0004FF0FF30A38133E0580712D5616B41B1B8
:10DFC00004F14403994202D02846FEF71DFF0023C6
:10DFD0006363A38923F02403A3810023636023697F
:10DFE0002360A38943F00803A38123694BB9A38964
:10DFF00003F42073B3F5007F03D02146284600F0D8
:10E0000082F8B4F90C3013F001020AD00022A260A9
:10E0100062695242A261226942B913F08000C5D1FF
:10E0200038BD990758BF6269A260F4E70020F7E79E
:10E03000640000201F2938B505460C4604D9162374
:10E0400003604FF0FF3038BDC26B12B152F821307F
:10E050004BB9284600F030F8224601462846BDE874
:10E06000384000F017B8012B0AD0591C03D11623F1
:10E0700003600120E7E70021204642F8241098477A
:10E080000020E0E7024B01461868FFF7D3BF00BF4E
:10E090006400002038B50023064D044608461146AA
:10E0A0002B60F5F7ACF9431C02D12B6803B1236058
:10E0B00038BD00BF04350020F5F79AB970B50C469D
:10E0C000B1F90E10154600291E4696B00CDAA38948
:10E0D000002113F0800F14BF40234FF48063002011
:10E0E00031602B6016B070BD6A4600F049F8002818
:10E0F000EDDB019901F47041A1F5005359425941FA
:10E100004FF48063EBE78B89F7B59D0706460C4615
:10E1100007D504F14703236023610123636103B042
:10E12000F0BD6A4601ABFFF7C9FF009F05463946BF
:10E130003046FEF7DBFE48B9B4F90C309A05EED450
:10E1400023F0030343F00203A381E2E7A389C4E9B8
:10E15000040743F08003A381019B20605BB130463C
:10E16000B4F90E1000F01EF828B1A38923F00303C0
:10E1700043F00103A381A3891D43A581CFE70000DC
:10E1800038B50023064D0446084611462B60F5F7C6
:10E1900095F9431C02D12B6803B1236038BD00BF41
:10E1A0000435002038B50023054D044608462B6091
:10E1B000F5F793F9431C02D12B6803B1236038BDF6
:10E1C00004350020F8B504460D4600F035F8224627
:10E1D00006460F462B4620462946F2F717FC98B90B
:10E1E0000022002320462946F2F706FC60B90022EF
:10E1F000002320462946F2F7D7FB40B1FDF75EFF2A
:10E2000022230026064F036030463946F8BDFDF74D
:10E2100055FF212303600348BDE8F84000F004B82F
:10E220000000F0FFDDEA000800200149704700BF50
:10E230000000F87F000000002DE9F04FB1F5801FCD
:10E2400002460B460D4687B024DA21F00044044311
:10E2500008D1002200230020CB49F2F767FA07B06B
:10E26000BDE8F08F002904DAF1F77EFF00220023D9
:10E27000F3E70022C54BF2F72FF90B460D46024695
:10E280006FF03501C248854206DD10461946F1F7A8
:10E290006DFFE4E70021F5E72C15A4F2FF34C5F388
:10E2A00013050C4405F5152101F6647101F480167F
:10E2B00086F07F5181F4401141EA0503104619466A
:10E2C0000022B44BF1F750FFAB1CC3F31303022B36
:10E2D00082468B464FF0000204EB165453DC0023B9
:10E2E000F2F762FBD0B1002C00F020812046F2F75B
:10E2F00089F891A3D3E9002306460F46F2F7ECF81C
:10E300008FA3D3E9002304460D4630463946F2F781
:10E31000E3F802460B4620462946B8E78AA3D3E92C
:10E32000002350465946F2F7D7F802460B46002024
:10E330009949F1F719FF524606460F465B4650468B
:10E340005946F2F7C9F802460B4630463946F2F70D
:10E35000C3F806460F4614B932463B46A0E02046B5
:10E36000F2F750F874A3D3E9002380468946F2F708
:10E37000B3F873A3D3E9002304460D46404649464B
:10E38000F2F7AAF8A5E04FF08043F1F7EFFE02465E
:10E390000B4650465946F2F7C9F9CDE9000120462F
:10E3A000F2F730F8DDE90023CDE902011046194605
:10E3B000F2F792F802460B46CDE90423F2F78CF807
:10E3C00063A3D3E9002380468946F2F785F862A368
:10E3D000D3E90023F1F7CAFE42464B46F2F77CF838
:10E3E0005FA3D3E90023F1F7C1FE42464B46F2F7A3
:10E3F00073F85DA3D3E90023F1F7B8FEDDE9042348
:10E40000F2F76AF85AA3D3E90023CDE904014046A4
:10E410004946F2F761F858A3D3E90023F1F7A6FEC5
:10E4200042464B46F2F758F855A3D3E90023F1F7DB
:10E430009DFE42464B46F2F74FF802460B46DDE999
:10E440000401F1F793FEA5F5C226C5F5D725A6F27E
:10E450007A4651353543002D8046894648DD0022F5
:10E460004D4B50465946F2F737F852465B46F2F7A5
:10E4700033F802460B4606460F4640464946F1F73A
:10E4800075FEDDE90023F2F727F88046894664B976
:10E4900002460B4630463946F1F766FE02460B4609
:10E4A00050465946F1F760FED9E623A3D3E900238D
:10E4B000DDE90201F2F710F821A3D3E900230446B5
:10E4C0000D46DDE90201F2F707F842464B46F1F747
:10E4D0004DFE02460B4630463946F1F745FE5246A0
:10E4E0005B46F1F741FE02460B4620462946D9E736
:10E4F00002460B4650465946F1F736FEDDE9002349
:10E50000F1F7EAFF06460F46002C3FF425AF0AA3B9
:10E51000D3E90023DDE90201F1F7DEFF08A3D3E927
:10E52000002304460D46DDE9020129E70020002111
:10E5300095E600BFAFF300800000E0FE422EE63F0C
:10E54000763C7935EF39EA3D555555555555D53F0A
:10E5500044523EDF12F1C23FDE03CB966446C73F12
:10E56000599322942449D23F935555555555E53F2B
:10E570009FC678D0099AC33FAF788E1DC571CC3F36
:10E5800004FA97999999D93F000050C3000050436D
:10E59000FFFFEF7F0000F03F0000E03FF8B500BF55
:10E5A000F8BC08BC9E467047F8B500BFF8BC08BC74
:04E5B0009E467047CC
:10E5B8002D2D2D2D2D2D2D2D4D656E752D2D2D2DA2
:10E5C8002D2D2D2D000000004368616E67652053D6
:10E5D800312C2054310000004368616E6765205378
:10E5E800322C2054320000004368616E6765207049
:10E5F800617373776F72640025642C2025642C2066
:10E6080025642C2025642C20252E3266000000006D
:10E618002564000064656661756C745461736B00F1
:10E628001CE6000825250008000000000000000086
:10E638008000000000000000000000005461736BBF
:10E648003200000044E60008E12A0008FDFF00004F
:10E658000000000080000000000000000000000032
:10E66800456E7465722050617373776F72643A00F7
:10E67800696E636F72726563742C20616761696E7D
:10E688003A0000002B20456E746572206E65772075
:10E6980076616C75653A000053313A0054313A009E
:10E6A80053323A0054323A00456E746572206E65F2
:10E6B800772070617373776F72643A00456E746582
:10E6C800722070617373776F726420616761696E1D
:10E6D80000000000286F6E6C792034206368617236
:10E6E80061637465727321290000000053617665C7
:10E6F80020746865206F6C642076616C75657300A2
:10E70800746F20666C617368206D656D6F72793AFD
:10E7180000000000313A205361766500323A204407
:10E728006F206E6F74207361766500003030303072
:10E73800303030303000000025642C2025642C2037
:10E7480025642C2025642C200000000025642E253B
:10E758003032642C200D0A00646174615F25642ED8
:10E7680074787400000000000A000000222A2B2C94
:10E778003A3B3C3D3E3F5B5D7C7F0000EBFE904DAD
:10E7880053444F53352E30004E4F204E414D4520B7
:10E798002020204641543332202020004E4F204E66
:10E7A800414D452020202046415420202020200093
:10E7B80049444C4500000000000000000000000033
:10E7C800010203040607080900000000010203040F
:10E7D80002030405060708090A0B0C0D0E0F10109A
:10E7E80001020000809A90B68EB78F80D2D3D4D819
:10E7F800D7DE8E8F909292E299E3EAEB59999A9D2F
:10E808009C9D9E9FB5D6E0E9A5A5A6A7A8A9AAABF9
:10E81800AC21AEAFB0B1B2B3B4B5B6B7B8B9BABB44
:10E82800BCBDBEBFC0C1C2C3C4C5C7C7C8C9CACBA7
:10E83800CCCDCECFD0D1D2D3D4D5D6D7D8D9DADB98
:10E84800DCDDDEDFE0E1E2E3E5E5E6E7E7E9EAEB88
:10E85800EDEDEEEFF0F1F2F3F4F5F6F7F8F9FAFB77
:10E86800FCFDFEFF0020202020202020202028283A
:10E878002828282020202020202020202020202078
:10E8880020202020208810101010101010101010B8
:10E8980010101010100404040404040404040410E8
:10E8A8001010101010104141414141410101010176
:10E8B8000101010101010101010101010101010140
:10E8C800101010101010424242424242020202024C
:10E8D8000202020202020202020202020202020210
:10E8E80010101010200000000000000000000000C0
:10E8F8000000000000000000000000000000000010
:10E9080000000000000000000000000000000000FF
:10E9180000000000000000000000000000000000EF
:10E9280000000000000000000000000000000000DF
:10E9380000000000000000000000000000000000CF
:10E9480000000000000000000000000000000000BF
:10E9580000000000000000000000000000000000AF
:10E968000000000000494E4600696E66004E414EA8
:10E97800006E616E0030003031323334353637384E
:10E988003941424344454600303132333435363715
:10E99800383961626364656600496E66696E6974D8
:10E9A80079004E614E005245454E54206D616C6CA5
:10E9B8006F6320737563636565646564002F6275B2
:10E9C800696C642F676E752D746F6F6C732D666F2D
:10E9D800722D73746D33325F31332E332E72656C42
:10E9E800312E32303234303932362D313731352FFD
:10E9F8007372632F6E65776C69622F6E65776C69C9
:10EA0800622F6C6962632F7374646C69622F64741B
:10EA18006F612E630042616C6C6F63207375636372
:10EA28006565646564002F6275696C642F676E752F
:10EA38002D746F6F6C732D666F722D73746D333216
:10EA48005F31332E332E72656C312E3230323430D2
:10EA58003932362D313731352F7372632F6E657722
:10EA68006C69622F6E65776C69622F6C6962632FBF
:10EA78007374646C69622F6D707265632E63002312
:10EA88002D302B2000686C4C0065666745464700B2
:10EA98004300504F534958002E002C2066756E6372
:10EAA80074696F6E3A2000617373657274696F6E72
:10EAB8002022257322206661696C65643A206669A4
:10EAC8006C6520222573222C206C696E65202564D4
:10EAD800257325730A0000000500000019000000D6
:10EAE8007D000000000000000080E03779C341434A
:10EAF800176E05B5B5B89346F5F93FE9034F384D9C
:10EB0800321D30F94877825A3CBF737FDD4F157547
:10EB1800000000000000F03F00000000000024405A
:10EB280000000000000059400000000000408F4035
:10EB3800000000000088C34000000000006AF840A0
:10EB48000000000080842E4100000000D0126341C4
:10EB58000000000084D797410000000065CDCD413A
:10EB6800000000205FA00242000000E8764837421B
:10EB7800000000A2941A6D42000040E59C30A242B9
:10EB88000000901EC4BCD64200003426F56B0C432E
:10EB98000080E03779C3414300A0D88557347643D5
:10EBA80000C84E676DC1AB43003D9160E458E14336
:10EBB800408CB5781DAF154450EFE2D6E41A4B44AB
:10EBC80092D54D06CFF08044F64AE1C7022DB544F0
:08EBD800B49DD9794378EA44A9
:08EBE0007015FF7F0100000029
:04EBE80035010008EB
:04EBEC00110100080B
:10EBF000010000003132333431323334640000001C
:10EC00000500000032000000080000006400000061
:10EC10000500000032000000080000000000C841AC
:10EC2000FFFFFFFF00127A0010000000010000004B
:10EC3000EB5100080752000823520008495200080F
:10EC40006F520008AAAAAAAA000000000300000050
:10EC5000C83300206800002000000000C8330020F6
:10EC60003034002098340020000000000000000034
:10EC70000000000000000000000000000000000094
:10EC80000000000000000000000000000000000084
:10EC90000000000000000000000000000000000074
:10ECA0000000000043000000000000000000000021
:10ECB0000000000000000000000000000000000054
:10ECC0000000000043000000000000000000000001
:10ECD0000000000000000000000000000000000034
:10ECE00000000000430000000000000000000000E1
:10ECF0000000000000000000000000000000000014
:10ED000000000000430000000000000000000000C0
:10ED100000000000000000000000000000000000F3
:10ED200000000000430000000000000000000000A0
:10ED300000000000000000000000000000000000D3
:10ED40000000000043000000000000000000000080
:10ED500000000000000000000000000000000000B3
:10ED60000000000043000000000000000000000060
:10ED70000000000000000000000000000000000093
:10ED80000000000031DC0008B1DB000800000000DA
:10ED90006CE80008A0EA0008DDEA0008DDEA0008E7
:10EDA000DDEA0008DDEA0008DDEA0008DDEA000827
:10EDB000DDEA0008DDEA0008DDEA0008FFFFFFFFEA
:10EDC000FFFFFFFFFFFFFFFFFFFF000001004153B8
:10EDD000434949000000000000000000000000005E
:10EDE000000000000000000000000000000041538F
:10EDF000434949000000000000000000000000003E
:10EE00000000000000000000000000000000000002
:040000050800369D1C
:00000001FF
